Zone_Index,Depot_ID,Num_Customers,Medoid_Customer_ID,Total_Weight,Total_Volume,Total_Service
0,D001_4,105,C007226,700.57,8.961,947
1,D001_4,30,C023706,426.32,3.908,288
2,D001_4,9,C001702,60.63,1.897,91
3,D001_4,39,C012121,388.11,7.342,343
4,D001_4,30,C014876,214.43,5.562,266
5,D001_4,86,C016621,731.83,5.44,865
6,D001_4,60,C043667,476.9,7.866,577
7,D001_4,36,C017611,460.97,4.161,312
8,D001_4,67,C041032,799.94,8.518,581
9,D001_4,17,C012642,157.45,2.492,154
10,D001_4,59,C036828,806.43,6.852,502
11,D001_4,49,C027662,633,2.415,435
12,D001_4,26,C048744,372.88,1.121,254
13,D001_4,28,C035236,515.5,2.163,243
14,D001_4,49,C031640,878.31,3.838,470
15,D001_4,6,C015893,125.61,0.358,35
16,D001_4,16,C047601,335.14,0.934,148
17,D001_4,85,C046673,875.21,5.982,732
18,D001_4,16,C001168,186.64,1.18,131
19,D001_4,24,C011586,251.79,2.179,209
20,D001_4,54,C046054,445.58,8.403,483
21,D001_4,16,C036585,116.76,2.284,143
22,D001_4,62,C019104,838.83,8.561,577
23,D001_4,42,C025040,515.75,6.668,308
24,D001_4,27,C044961,377.65,3.821,245
25,D001_4,29,C032366,435.72,5.707,239
26,D001_4,50,C038953,788.34,8.95,445
27,D001_4,30,C036439,391.63,3.659,255
28,D001_4,46,C023197,688.39,6.745,354
29,D001_4,23,C001636,243.62,2.744,237
30,D001_4,16,C038692,307.72,2.811,136
31,D001_4,18,C007272,342.08,3.069,145
32,D001_4,6,C041865,102.47,1.276,45
33,D001_4,43,C015762,825.29,7.903,384
34,D001_4,43,C028830,581.15,4.677,341
35,D001_4,55,C023737,719.28,6.424,478
36,D001_4,38,C028249,498.94,4.599,360
37,D001_4,13,C034810,266,1.194,123
38,D001_4,56,C012053,966.07,6.961,501
39,D001_4,50,C036809,543.53,4.365,462
40,D001_4,57,C037691,578.59,5.057,508
41,D001_4,22,C021333,419.44,3.731,235
42,D001_4,39,C012114,731.83,5.757,353
43,D001_4,22,C030114,429.95,2.904,186
44,D001_4,13,C023578,168.63,2.837,105
45,D001_4,41,C001454,424.96,7.749,335
46,D001_4,37,C036852,390.29,6.612,341
47,D001_4,89,C010010,908.36,7.073,776
48,D001_4,40,C003622,472.04,4.526,377
49,D001_4,41,C011120,498.81,5.331,339
50,D001_4,40,C027995,504.59,4.772,350
51,D001_4,51,C022444,877.17,8.063,458
52,D001_4,29,C036690,591.02,4.198,258
53,D001_4,52,C028832,919.45,3.73,389
54,D001_4,46,C023357,879.85,3.066,441
55,D001_4,20,C042841,414.78,3.325,186
56,D001_4,10,C039916,204.78,2.027,109
57,D001_4,32,C001543,598.72,5.182,300
58,D001_4,20,C014157,404.76,3.237,172
59,D001_4,37,C044448,370.31,4.603,340
60,D001_4,53,C033696,606.72,7.38,445
61,D001_4,44,C005320,535.19,5.547,425
62,D001_4,100,C012589,697.71,6.495,931
63,D001_4,32,C009433,632.38,2.161,321
64,D001_4,39,C000391,725.33,2.644,381
65,D001_4,19,C020249,336.01,1.176,192
66,D001_4,17,C027695,159.7,3.659,128
67,D001_4,33,C009375,280.2,6.023,279
68,D001_4,36,C023925,351.27,6.696,331
69,D001_4,39,C034496,461.54,7.182,396
70,D001_4,13,C004567,115.94,2.579,122
71,D001_4,21,C045226,216.41,4.367,155
72,D001_4,23,C002346,193.85,4.466,209
73,D001_4,26,C025362,275.81,4.718,222
74,D001_4,46,C045278,311.57,5.337,413
75,D001_4,58,C032703,369.66,6.977,533
76,D001_4,91,C016647,583.08,7.614,853
77,D001_4,60,C023246,783.18,8.69,505
78,D001_4,40,C035659,609.5,8.043,349
79,D001_4,23,C013042,365.3,4.708,210
80,D001_4,38,C029072,558.15,7.173,348
81,D001_4,38,C039329,631.85,7.764,359
82,D001_4,40,C001365,208.45,4.284,380
83,D001_4,64,C032149,361.27,5.527,580
84,D001_4,21,C013121,215.99,2.961,195
85,D001_4,17,C024354,263.44,2.08,145
86,D001_4,50,C032561,599.61,7.122,414
87,D001_4,49,C020996,618.79,6.942,401
88,D001_4,34,C048235,448.92,4.82,266
89,D001_4,37,C022623,531.34,4.756,351
90,D001_4,61,C029309,739.01,6.722,532
91,D001_4,32,C015337,441.98,4.857,282
92,D001_4,48,C002511,909.14,3.704,448
93,D001_4,5,C025121,105.86,0.305,32
94,D001_4,19,C016050,365.99,2.082,182
95,D001_4,36,C017440,719.41,2.67,287
96,D001_4,9,C004270,128.9,1.748,86
97,D001_4,40,C033463,432.24,7.759,379
98,D001_4,38,C048997,400.58,7.373,356
99,D001_4,19,C039263,228.78,3.75,174
100,D001_3,5,C031544,55.96,0.672,37
101,D001_3,3,C042922,41.27,0.399,27
102,D001_3,4,C004275,35.97,0.456,38
103,D001_3,2,C013933,8.19,0.41,13
104,D001_3,2,C020560,29.15,0.383,20
105,D001_3,1,C010286,6.42,0.027,12
106,D001_3,1,C040790,13.09,0.008,3
107,D001_3,2,C021198,21.43,0.222,11
108,D001_3,2,C032717,38.93,0.371,23
109,D001_3,3,C032287,45.09,0.486,39
110,D001_3,1,C034563,6.59,0.197,4
111,D001_3,3,C036881,58.29,0.419,37
112,D001_3,4,C048773,69.29,0.299,27
113,D001_3,2,C024114,36.46,0.114,25
114,D001_3,1,C029029,5.37,0.172,8
115,D001_3,4,C032086,29.51,0.534,34
116,D001_3,2,C044425,28.98,0.36,12
117,D001_3,2,C026262,41.11,0.37,25
118,D001_3,4,C043883,39.88,0.356,28
119,D001_3,2,C029046,21.22,0.227,17
120,D001_3,2,C015751,9.09,0.146,9
121,D001_3,3,C009821,42.31,0.368,34
122,D001_3,3,C047742,36.62,0.543,27
123,D001_3,5,C020748,28.04,0.691,42
124,D001_3,3,C033302,54.34,0.396,19
125,D001_3,3,C004072,43.97,0.44,21
126,D001_3,4,C020416,62.71,0.492,34
127,D001_3,3,C023630,46.72,0.356,33
128,D001_3,3,C019807,52.77,0.356,24
129,D001_3,4,C035017,21.28,0.642,44
130,D001_3,2,C003105,18.67,0.32,20
131,D001_3,4,C034949,7.26,0.479,46
132,D001_3,2,C042976,9.72,0.297,12
133,D001_3,4,C010898,16.46,0.599,44
134,D001_3,4,C002022,48.49,0.458,34
135,D001_3,4,C006599,17.05,0.484,32
136,D001_3,2,C027701,10.63,0.276,18
137,D001_3,5,C011445,33.7,0.675,51
138,D001_3,1,C008554,3.21,0.075,5
139,D001_3,5,C007652,19.75,0.626,50
140,D001_3,4,C019255,21.96,0.491,48
141,D001_3,3,C029454,13.51,0.379,33
142,D001_3,2,C015464,17.74,0.342,14
143,D001_3,2,C014460,12.13,0.216,16
144,D001_3,4,C012526,17.54,0.665,35
145,D001_3,2,C009877,25.74,0.304,26
146,D001_3,5,C030420,40.23,0.523,53
147,D001_3,5,C044397,33.73,0.555,44
148,D001_3,2,C017090,24.05,0.156,21
149,D001_3,5,C038810,27.38,0.549,49
150,D001_3,4,C042749,26.59,0.641,28
151,D001_3,3,C018357,36.29,0.482,32
152,D001_3,3,C048816,18.05,0.434,31
153,D001_3,3,C012418,33.5,0.366,31
154,D001_3,4,C007717,57.04,0.252,26
155,D001_3,5,C044980,47.17,0.565,41
156,D001_3,3,C008276,22.85,0.144,20
157,D001_3,3,C024968,12.6,0.586,19
158,D001_3,4,C021487,31.85,0.605,34
159,D001_3,2,C006085,17.18,0.393,16
160,D001_3,1,C012222,7.18,0.177,7
161,D001_3,1,C022105,1.59,0.246,7
162,D001_3,2,C008368,17.66,0.278,17
163,D001_3,2,C044147,16.99,0.37,11
164,D001_3,6,C016987,46.87,0.669,50
165,D001_3,8,C047023,43.1,0.419,63
166,D001_3,7,C012031,38.3,0.455,73
167,D001_3,2,C043266,11.38,0.101,12
168,D001_3,4,C040612,29.94,0.233,28
169,D001_3,2,C028465,17.66,0.119,22
170,D001_3,1,C044840,7.62,0.069,12
171,D001_3,4,C032696,42.17,0.271,33
172,D001_3,4,C033790,38.97,0.161,44
173,D001_3,4,C046634,41.15,0.157,48
174,D001_3,5,C037165,45.79,0.322,31
175,D001_3,6,C029499,28.19,0.23,57
176,D001_3,5,C034152,22.66,0.486,50
177,D001_3,7,C009923,58.88,0.529,83
178,D001_3,3,C008878,15.84,0.067,20
179,D001_3,9,C044339,46.87,0.578,103
180,D001_3,8,C022542,47.84,0.661,64
181,D001_3,8,C041558,68.66,0.55,66
182,D001_3,4,C045130,50.3,0.487,37
183,D001_3,4,C034980,31.07,0.687,31
184,D001_3,1,C041922,21.38,0.189,15
185,D001_3,2,C016529,25.49,0.404,22
186,D001_3,3,C009102,29.11,0.534,22
187,D001_3,3,C046760,46.69,0.187,29
188,D001_3,1,C028864,11.64,0.041,8
189,D001_3,2,C040592,20.72,0.34,15
190,D001_3,1,C017936,0.38,0.25,3
191,D001_3,2,C003180,28.36,0.429,10
192,D001_3,3,C030738,41.2,0.293,39
193,D001_3,4,C005847,66.51,0.614,42
194,D001_3,1,C018622,8.75,0.234,11
195,D001_3,2,C011459,10.97,0.367,19
196,D001_3,4,C007948,25.26,0.495,29
197,D001_3,5,C024451,39.39,0.552,45
198,D001_3,4,C041435,53.74,0.364,24
199,D001_3,6,C001968,42.37,0.479,51
200,D001_3,2,C037375,39.01,0.423,14
201,D001_3,3,C010353,38.87,0.576,38
202,D001_3,5,C001638,52.48,0.511,52
203,D001_3,3,C044405,38.76,0.534,23
204,D001_3,6,C043809,70.89,0.58,57
205,D001_3,5,C039663,64.31,0.69,57
206,D001_3,1,C028078,23.75,0.07,8
207,D001_3,4,C028284,54.73,0.573,24
208,D001_3,4,C043053,59.63,0.507,47
209,D001_3,3,C012816,17.78,0.48,27
210,D001_3,2,C006411,30.12,0.244,11
211,D001_3,3,C043796,49.77,0.519,21
212,D001_3,4,C026710,50.05,0.566,40
213,D001_3,3,C014151,26.17,0.408,36
214,D001_3,5,C024228,76.34,0.566,44
215,D001_3,3,C017618,49.51,0.311,35
216,D001_3,3,C001331,43.05,0.395,27
217,D001_3,3,C005048,56.84,0.294,32
218,D001_3,5,C029222,59.65,0.652,44
219,D001_3,1,C007156,23.39,0.006,13
220,D001_3,2,C018037,30.82,0.299,14
221,D001_3,3,C038027,49.64,0.54,34
222,D001_3,4,C036561,69.98,0.097,32
223,D001_3,3,C033411,44.33,0.108,26
224,D001_3,5,C019439,32.76,0.301,46
225,D001_3,10,C020621,68.66,0.618,95
226,D001_3,4,C016431,43.88,0.2,25
227,D001_3,1,C035406,6.7,0.054,7
228,D001_3,3,C038192,64.55,0.206,21
229,D001_3,3,C027164,22.76,0.26,24
230,D001_3,10,C024071,59.28,0.606,102
231,D001_3,1,C024736,8.9,0.06,13
232,D001_3,7,C015540,75.09,0.315,72
233,D001_3,3,C005129,27.96,0.16,39
234,D001_3,2,C004264,14.72,0.045,23
235,D001_3,2,C023412,40.26,0.114,12
236,D001_3,3,C041073,39.44,0.125,24
237,D001_3,5,C047624,62.43,0.334,51
238,D001_3,7,C021824,76.93,0.257,57
239,D001_3,2,C015721,38.44,0.196,22
240,D001_3,5,C024588,68.61,0.135,39
241,D001_3,2,C013237,38.5,0.155,19
242,D001_3,3,C011969,48.23,0.133,24
243,D001_3,3,C040162,47.6,0.158,29
244,D001_3,2,C014794,15.26,0.035,14
245,D001_3,2,C002106,33.36,0.097,7
246,D001_3,3,C011244,50.29,0.164,37
247,D001_3,4,C005148,53.5,0.182,44
248,D001_3,3,C009037,23.02,0.332,19
249,D001_3,3,C001527,58.87,0.156,11
250,D001_3,4,C036434,54.03,0.251,37
251,D001_3,3,C016759,32.15,0.193,18
252,D001_3,4,C003719,63.71,0.246,27
253,D001_3,1,C041133,18.86,0.009,9
254,D001_3,4,C002622,67.99,0.232,47
255,D001_3,5,C015948,66.21,0.269,39
256,D001_3,5,C044884,62.31,0.313,34
257,D001_3,3,C042683,40.62,0.437,23
258,D001_3,4,C041800,67.63,0.589,37
259,D001_3,1,C020864,20.05,0.193,7
260,D001_3,4,C035713,36.21,0.463,32
261,D001_3,3,C013053,31.19,0.305,31
262,D001_3,1,C004782,23.63,0.157,9
263,D001_3,4,C041041,37.8,0.678,39
264,D001_3,1,C044839,20.15,0.089,3
265,D001_3,5,C028826,59.09,0.682,35
266,D001_3,3,C013517,15.89,0.479,30
267,D001_3,5,C002527,49.41,0.417,37
268,D001_3,5,C032158,38.46,0.175,34
269,D001_3,5,C001179,59.34,0.24,31
270,D001_3,1,C027602,10.62,0.01,4
271,D001_3,6,C006239,77.94,0.484,57
272,D001_3,4,C042484,7.55,0.348,38
273,D001_3,7,C044816,50.53,0.602,62
274,D001_3,7,C008847,55.6,0.564,60
275,D001_3,1,C025227,1.34,0.08,7
276,D001_3,2,C024817,9.43,0.306,20
277,D001_3,4,C010544,31.19,0.397,31
278,D001_3,2,C036276,16.94,0.08,25
279,D001_3,5,C039073,57.97,0.458,52
280,D001_3,2,C034981,10.42,0.301,17
281,D001_3,3,C047886,19.77,0.412,36
282,D001_3,5,C012400,30.22,0.397,30
283,D001_3,4,C043648,43.21,0.229,42
284,D001_3,5,C010843,44.88,0.289,41
285,D001_3,2,C011888,9.99,0.046,22
286,D001_3,2,C016122,9.7,0.107,24
287,D001_3,4,C030956,39.46,0.401,43
288,D001_3,8,C010597,58.25,0.622,84
289,D001_3,4,C039240,40.19,0.404,30
290,D001_3,3,C026827,39.11,0.196,31
291,D001_3,6,C024813,47.76,0.4,65
292,D001_3,4,C044518,27.62,0.321,34
293,D001_3,3,C010798,25.19,0.192,29
294,D001_3,5,C001246,47.16,0.368,32
295,D001_3,7,C031013,38.26,0.321,71
296,D001_3,1,C018273,24.01,0.199,8
297,D001_3,2,C012141,39.38,0.354,23
298,D001_3,2,C004917,17.39,0.426,8
299,D001_3,2,C011853,39.99,0.365,12
300,D001_3,3,C034289,51.4,0.644,36
301,D001_3,1,C025320,12.46,0.218,13
302,D001_3,2,C018153,33.14,0.379,17
303,D001_3,1,C017051,5.86,0.233,14
304,D001_3,2,C047131,37.18,0.397,19
305,D001_3,3,C020752,69.44,0.637,37
306,D001_3,2,C005986,43.48,0.366,24
307,D001_3,3,C010720,45.99,0.626,30
308,D001_3,2,C001884,36.48,0.341,13
309,D001_3,2,C022115,31.18,0.407,23
310,D001_3,3,C031982,54.55,0.573,22
311,D001_3,1,C046084,14.09,0.118,13
312,D001_3,2,C042294,25.66,0.317,16
313,D001_3,3,C022804,47.23,0.519,38
314,D001_3,1,C003616,21.79,0.246,3
315,D001_3,3,C001155,31.34,0.616,28
316,D001_3,3,C000940,57.93,0.588,30
317,D001_3,2,C001087,42.19,0.464,22
318,D001_3,1,C018692,19.55,0.172,6
319,D001_3,2,C039570,28.17,0.391,13
320,D001_3,2,C030930,46.72,0.335,16
321,D001_3,2,C012334,26.37,0.348,17
322,D001_3,3,C013393,53.11,0.547,20
323,D001_3,2,C019415,42.49,0.322,7
324,D001_3,3,C032243,50.65,0.59,27
325,D001_3,2,C007358,42.91,0.336,11
326,D001_3,2,C031614,44.02,0.367,22
327,D001_3,3,C021620,52.18,0.65,25
328,D001_3,2,C015997,35.98,0.289,13
329,D001_3,3,C021695,44.44,0.519,31
330,D001_3,3,C023330,59.7,0.644,34
331,D001_3,1,C032860,14.04,0.216,9
332,D001_3,3,C014601,60.67,0.589,15
333,D001_3,3,C036552,57.28,0.635,24
334,D001_3,3,C038308,37.08,0.553,21
335,D001_3,1,C019095,0.92,0.235,3
336,D001_3,2,C030922,23.5,0.463,10
337,D001_3,2,C016707,27.09,0.26,12
338,D001_3,3,C023831,36.47,0.556,25
339,D001_3,1,C033620,21.11,0.184,14
340,D001_3,1,C017572,22.88,0.15,15
341,D001_3,3,C022064,48.97,0.641,21
342,D001_3,2,C041484,31.75,0.474,21
343,D001_3,1,C018565,14.24,0.249,8
344,D001_3,3,C023841,43.93,0.619,16
345,D001_3,2,C015082,9.61,0.439,14
346,D001_3,2,C008721,18.13,0.469,25
347,D001_3,1,C028272,8.31,0.172,13
348,D001_3,3,C012125,35.81,0.556,20
349,D001_3,1,C038159,18.03,0.16,6
350,D001_3,3,C022567,55.12,0.463,37
351,D001_3,3,C040255,55.69,0.387,23
352,D001_3,4,C012739,62,0.552,45
353,D001_3,1,C009863,21.92,0.215,6
354,D001_3,3,C038428,54.19,0.538,37
355,D001_3,1,C023081,21.29,0.135,14
356,D001_3,1,C019145,5.03,0.202,13
357,D001_3,3,C004811,44.15,0.604,23
358,D001_3,1,C010903,23.89,0.198,8
359,D001_3,4,C025641,64.24,0.601,41
360,D001_3,1,C047241,15.54,0.085,15
361,D001_3,3,C002083,44.31,0.275,31
362,D001_3,2,C013765,19.62,0.388,22
363,D001_3,2,C028134,28.36,0.423,22
364,D001_3,2,C032651,23.15,0.207,13
365,D001_3,3,C035359,19.72,0.502,28
366,D001_3,4,C015594,60.25,0.476,41
367,D001_3,2,C004956,30.19,0.472,24
368,D001_3,3,C009707,61.16,0.236,29
369,D001_3,2,C010331,17.56,0.353,25
370,D001_3,1,C018552,3.74,0.115,5
371,D001_3,4,C048051,31.57,0.392,35
372,D001_3,4,C009551,42.99,0.367,28
373,D001_3,2,C000865,43,0.402,18
374,D001_3,2,C021206,48.24,0.163,12
375,D001_3,2,C040020,23.7,0.361,25
376,D001_3,4,C009373,50.74,0.583,34
377,D001_3,2,C003244,40.13,0.159,12
378,D001_3,4,C009032,60.99,0.676,29
379,D001_3,4,C023845,65.36,0.382,33
380,D001_3,2,C004080,30.57,0.249,15
381,D001_3,3,C043603,62.35,0.191,34
382,D001_3,1,C031250,7.69,0.158,13
383,D001_3,5,C033478,77.33,0.641,50
384,D001_3,2,C016429,35.64,0.215,21
385,D001_3,4,C025551,67.37,0.581,44
386,D001_3,3,C007836,12.98,0.379,25
387,D001_3,2,C018530,11.35,0.446,11
388,D001_3,4,C042750,53.23,0.433,33
389,D001_3,4,C024556,66.03,0.65,35
390,D001_3,2,C007956,42.06,0.247,21
391,D001_3,5,C018049,65.77,0.619,48
392,D001_3,1,C031109,22.42,0.192,3
393,D001_3,4,C040544,68.3,0.467,33
394,D001_3,2,C028104,22.98,0.246,18
395,D001_3,5,C046209,68.42,0.622,53
396,D001_3,1,C032720,5.19,0.04,7
397,D001_3,1,C029138,18.69,0.109,4
398,D001_3,5,C017968,66.37,0.679,35
399,D001_3,4,C034145,75.01,0.68,52
400,D001_3,1,C035997,3.84,0.202,5
401,D001_3,3,C042827,14.33,0.63,19
402,D001_3,2,C015118,14.72,0.341,19
403,D001_3,2,C034374,9.51,0.359,11
404,D001_3,4,C016378,38.45,0.689,34
405,D001_3,3,C008617,16.31,0.546,25
406,D001_3,2,C002553,16.31,0.401,15
407,D001_3,2,C012207,16.17,0.299,16
408,D001_3,2,C005581,10.62,0.447,12
409,D001_3,2,C004830,13.65,0.473,25
410,D001_3,2,C044036,10.99,0.221,19
411,D001_3,1,C049269,4.27,0.168,10
412,D001_3,3,C038677,18.02,0.579,26
413,D001_3,2,C024512,17.26,0.418,14
414,D001_3,3,C026761,18.15,0.509,21
415,D001_3,2,C035732,5.23,0.323,24
416,D001_3,2,C009164,3.85,0.273,12
417,D001_3,2,C026162,18.61,0.32,18
418,D001_3,2,C034646,14.5,0.461,7
419,D001_3,3,C044187,12.67,0.637,36
420,D001_3,3,C017544,23.57,0.636,27
421,D001_3,1,C015568,3.73,0.189,9
422,D001_3,1,C021210,7.39,0.18,4
423,D001_3,3,C023253,26.76,0.5,18
424,D001_3,1,C045154,4.67,0.225,12
425,D001_3,2,C004337,18.67,0.457,17
426,D001_3,2,C007734,29.33,0.438,19
427,D001_3,3,C023651,15.88,0.593,15
428,D001_3,3,C009185,25.35,0.504,31
429,D001_3,1,C027099,16.57,0.205,10
430,D001_3,3,C014622,23.11,0.514,21
431,D001_3,3,C049931,8.36,0.355,21
432,D001_3,1,C040232,0.31,0.087,11
433,D001_3,2,C031425,26.39,0.395,10
434,D001_3,3,C008990,23.37,0.668,34
435,D001_3,2,C006011,11.57,0.359,19
436,D001_3,2,C006711,14.84,0.355,24
437,D001_3,2,C008288,23.95,0.395,7
438,D001_3,2,C012019,28.5,0.387,20
439,D001_3,1,C024042,1.51,0.223,6
440,D001_3,3,C015534,20.72,0.496,19
441,D001_3,1,C046045,4.75,0.175,4
442,D001_3,1,C019037,3.05,0.207,13
443,D001_3,3,C049637,23.22,0.657,23
444,D001_3,3,C027305,14,0.609,17
445,D001_3,2,C014701,18.8,0.42,18
446,D001_3,2,C019153,16.03,0.395,16
447,D001_3,2,C036998,12.87,0.368,26
448,D001_3,3,C044670,7.11,0.672,30
449,D001_3,2,C002206,13.34,0.318,21
450,D001_3,2,C023656,14.62,0.401,16
451,D001_3,2,C012249,3.91,0.379,20
452,D001_3,3,C042830,14.58,0.573,16
453,D001_3,2,C026419,1.41,0.403,21
454,D001_3,3,C018437,9.12,0.552,43
455,D001_3,1,C021960,1.78,0.234,4
456,D001_3,3,C040667,13.41,0.541,26
457,D001_3,1,C017325,6.19,0.207,5
458,D001_3,2,C014531,7.04,0.451,12
459,D001_3,4,C023772,25.45,0.682,30
460,D001_3,3,C018799,6.07,0.603,30
461,D001_3,2,C027106,5.44,0.321,20
462,D001_3,2,C006736,2.83,0.391,21
463,D001_3,1,C025336,9.49,0.183,9
464,D001_3,3,C000757,47.08,0.652,31
465,D001_3,2,C008241,23.84,0.402,15
466,D001_3,3,C018759,9.37,0.603,29
467,D001_3,2,C023245,36.35,0.45,10
468,D001_3,3,C005966,29.64,0.635,37
469,D001_3,1,C024017,17.68,0.224,6
470,D001_3,2,C023514,21.47,0.304,23
471,D001_3,3,C049341,12.65,0.498,35
472,D001_3,1,C038513,7.52,0.209,14
473,D001_3,3,C035920,48.82,0.626,26
474,D001_3,3,C010473,23.01,0.58,30
475,D001_3,1,C023589,16.11,0.221,6
476,D001_3,3,C003659,33.72,0.541,21
477,D001_3,1,C027396,10.71,0.168,14
478,D001_3,1,C003373,0.34,0.194,8
479,D001_3,3,C006719,35.66,0.567,39
480,D001_3,2,C014159,26.38,0.433,13
481,D001_3,2,C010063,20.58,0.408,19
482,D001_3,3,C020547,28.86,0.594,29
483,D001_3,2,C009793,31.35,0.38,17
484,D001_3,2,C010243,29.45,0.424,25
485,D001_3,2,C015866,16.91,0.407,13
486,D001_3,3,C034323,28.44,0.574,20
487,D001_3,2,C014090,29.69,0.387,24
488,D001_3,2,C034644,11.62,0.329,20
489,D001_3,2,C016972,28.41,0.383,22
490,D001_3,2,C008522,23.1,0.425,11
491,D001_3,3,C025182,14.09,0.677,30
492,D001_3,2,C014989,34.16,0.455,6
493,D001_3,2,C031758,16.15,0.308,9
494,D001_3,3,C012895,35.17,0.631,28
495,D001_3,1,C014741,14.81,0.218,4
496,D001_3,3,C047908,12.99,0.558,26
497,D001_3,2,C012234,22.07,0.334,26
498,D001_3,2,C000988,35.82,0.377,19
499,D001_3,1,C037538,12.78,0.223,4
500,D001_3,1,C013912,6.74,0.139,10
501,D001_3,3,C034494,24.28,0.567,37
502,D001_3,1,C030146,3.03,0.124,10
503,D001_3,3,C044613,39.4,0.59,35
504,D001_3,2,C027590,30.39,0.387,9
505,D001_3,2,C010169,19.46,0.402,24
506,D001_3,3,C013888,29.71,0.633,19
507,D001_3,1,C012921,16,0.159,4
508,D001_3,3,C003510,31.99,0.549,31
509,D001_3,3,C010121,29,0.587,22
510,D001_3,2,C016272,44.14,0.125,16
511,D001_3,5,C014269,65.21,0.342,41
512,D001_3,5,C010470,66.79,0.5,56
513,D001_3,2,C032168,39.29,0.351,26
514,D001_3,1,C026075,14.47,0.062,13
515,D001_3,1,C001029,23.49,0.225,7
516,D001_3,1,C045958,17.62,0.024,14
517,D001_3,4,C028916,64.65,0.542,35
518,D001_3,4,C027210,39.7,0.574,47
519,D001_3,1,C006501,7.07,0.058,10
520,D001_3,3,C016129,49.08,0.611,19
521,D001_3,3,C021381,50.27,0.319,39
522,D001_3,1,C025226,21.97,0.199,7
523,D001_3,4,C015777,55.14,0.431,22
524,D001_3,2,C037163,33.39,0.267,13
525,D001_3,4,C016803,42.97,0.286,35
526,D001_3,2,C017535,31.82,0.124,6
527,D001_3,1,C002489,14.83,0.204,15
528,D001_3,3,C040281,51.04,0.496,38
529,D001_3,2,C003417,8.28,0.259,16
530,D001_3,3,C041191,43.75,0.43,21
531,D001_3,4,C019789,61.15,0.505,39
532,D001_3,5,C049120,75.33,0.644,47
533,D001_3,4,C009836,67.25,0.57,39
534,D001_3,2,C001861,47.12,0.073,13
535,D001_3,3,C026242,45.58,0.297,35
536,D001_3,1,C014413,22.35,0.024,3
537,D001_3,4,C044740,61.05,0.376,42
538,D001_3,4,C032227,70,0.249,31
539,D001_3,2,C008860,23.12,0.438,9
540,D001_3,4,C024659,51.62,0.493,30
541,D001_3,3,C048293,59.88,0.129,31
542,D001_3,2,C005432,32.91,0.071,12
543,D001_3,3,C013786,37.9,0.377,23
544,D001_3,5,C045593,75.76,0.479,51
545,D001_3,2,C023785,34.04,0.43,11
546,D001_3,3,C002136,47.66,0.519,33
547,D001_3,2,C002207,26.03,0.369,18
548,D001_3,4,C048713,58.48,0.676,33
549,D001_3,1,C029573,7.6,0.249,15
550,D001_3,2,C030037,37.72,0.352,18
551,D001_3,2,C024176,33.98,0.403,17
552,D001_3,4,C011678,54.18,0.686,30
553,D001_3,3,C039324,39.66,0.525,35
554,D001_3,1,C018476,24.14,0.148,14
555,D001_3,3,C000176,40.9,0.624,32
556,D001_3,1,C034591,18.19,0.168,8
557,D001_3,1,C003635,18.06,0.25,7
558,D001_3,1,C035751,13.68,0.207,15
559,D001_3,4,C019839,40.17,0.672,37
560,D001_3,1,C015306,6.85,0.21,12
561,D001_3,3,C014683,17.49,0.676,19
562,D001_3,1,C037543,8.65,0.17,12
563,D001_3,3,C022047,43.96,0.65,24
564,D001_3,1,C014053,14.4,0.208,15
565,D001_3,1,C008836,17.41,0.195,7
566,D001_3,3,C041459,44.58,0.584,36
567,D001_3,3,C018040,42.87,0.477,35
568,D001_3,2,C008718,18.8,0.438,20
569,D001_3,2,C002971,29.64,0.284,26
570,D001_3,3,C025751,47.35,0.468,21
571,D001_3,1,C012061,17.23,0.229,8
572,D001_3,1,C006885,20.23,0.233,11
573,D001_3,3,C026835,37.76,0.639,27
574,D001_3,1,C046254,17.49,0.226,5
575,D001_3,2,C009002,23.61,0.488,13
576,D001_3,1,C048159,13.5,0.172,13
577,D001_3,2,C024725,15.8,0.395,18
578,D001_3,1,C033539,12.57,0.18,11
579,D001_3,3,C035060,41.93,0.594,23
580,D001_3,1,C003472,16.27,0.119,13
581,D001_3,3,C007062,60.8,0.545,32
582,D001_3,1,C020771,17.58,0.238,3
583,D001_3,2,C014095,31.09,0.437,16
584,D001_3,1,C037090,21.27,0.231,7
585,D001_3,3,C017433,54.76,0.628,39
586,D001_3,1,C034763,8.79,0.215,3
587,D001_3,2,C018760,23.39,0.451,14
588,D001_3,3,C034437,48.47,0.584,28
589,D001_3,1,C010785,5.02,0.219,15
590,D001_3,3,C027624,64,0.296,24
591,D001_3,3,C041103,53.77,0.248,25
592,D001_3,2,C014631,27.07,0.102,7
593,D001_3,2,C003623,32.18,0.21,12
594,D001_3,3,C045649,52.52,0.264,26
595,D001_3,2,C026243,36.44,0.17,13
596,D001_3,3,C045001,45.55,0.286,22
597,D001_3,4,C003319,60.07,0.32,36
598,D001_3,2,C014477,48.11,0.142,28
599,D001_3,3,C006346,66.45,0.296,23
600,D001_3,3,C000646,52.59,0.314,24
601,D001_3,3,C033814,66.79,0.295,20
602,D001_3,3,C029733,44.27,0.175,17
603,D001_3,3,C010985,49.78,0.2,22
604,D001_3,1,C030747,18.26,0.026,13
605,D001_3,2,C004589,28.67,0.148,17
606,D001_3,3,C020581,65.55,0.097,22
607,D001_3,1,C009557,18.61,0.11,8
608,D001_3,3,C010359,50.12,0.214,26
609,D001_3,3,C034495,54.05,0.271,20
610,D001_3,4,C018628,64.47,0.186,40
611,D001_3,4,C011847,54,0.328,35
612,D001_3,3,C049787,66.46,0.056,24
613,D001_3,3,C007686,63.44,0.066,32
614,D001_3,2,C035203,40.96,0.176,20
615,D001_3,3,C018765,69.46,0.048,25
616,D001_3,1,C032596,23.01,0.166,12
617,D001_3,5,C006840,67.43,0.311,47
618,D001_3,3,C045423,53.14,0.165,32
619,D001_3,2,C003271,30.96,0.078,19
620,D001_3,1,C007575,19.78,0.098,15
621,D001_3,5,C008917,77,0.353,54
622,D001_3,1,C013449,22.18,0.096,12
623,D001_3,4,C013268,78.04,0.143,44
624,D001_3,4,C037244,38.47,0.501,28
625,D001_3,2,C007554,10.68,0.292,9
626,D001_3,2,C018917,12.94,0.364,22
627,D001_3,3,C008410,28.69,0.354,39
628,D001_3,1,C014517,8.09,0.041,12
629,D001_3,4,C014224,14.32,0.62,51
630,D001_3,1,C004583,2.52,0.153,10
631,D001_3,3,C040800,48.35,0.586,40
632,D001_3,2,C030755,36.34,0.166,13
633,D001_3,5,C024790,56.78,0.55,47
634,D001_3,2,C026901,15.74,0.168,16
635,D001_3,1,C042763,23.02,0.063,9
636,D001_3,5,C000343,66.49,0.666,41
637,D001_3,3,C033397,46.24,0.08,27
638,D001_3,4,C039717,46.73,0.427,52
639,D001_3,2,C021532,40.39,0.238,11
640,D001_3,3,C016910,13.32,0.248,21
641,D001_3,3,C016734,29.9,0.42,35
642,D001_3,3,C006496,40.46,0.615,15
643,D001_3,3,C039497,23.25,0.467,24
644,D001_3,4,C048488,53.39,0.477,26
645,D001_3,3,C049233,44.12,0.458,29
646,D001_3,1,C021047,9.12,0.11,10
647,D001_3,3,C019816,38.82,0.467,38
648,D001_3,1,C028625,18.56,0.236,13
649,D001_3,1,C035171,5.36,0.011,6
650,D001_3,5,C023079,39.83,0.564,41
651,D001_3,3,C035110,39.5,0.503,15
652,D001_3,2,C017651,17.78,0.216,18
653,D001_3,2,C025213,17.15,0.115,21
654,D001_3,5,C030772,70.76,0.55,36
655,D001_3,4,C025690,15.53,0.629,32
656,D001_3,3,C020811,51.59,0.579,21
657,D001_3,2,C041417,14.47,0.292,13
658,D001_3,3,C019380,53.16,0.425,30
659,D001_3,3,C007991,28.57,0.485,28
660,D001_3,3,C007829,20.1,0.489,32
661,D001_3,5,C012826,73.62,0.512,50
662,D001_3,4,C030175,71.14,0.342,43
663,D001_3,4,C011461,46.9,0.595,36
664,D001_3,3,C026909,14.29,0.5,34
665,D001_3,2,C012365,37.41,0.205,13
666,D001_3,4,C032573,76.46,0.672,23
667,D001_3,3,C015074,29.61,0.459,38
668,D001_3,1,C018807,8.15,0.208,4
669,D001_3,2,C031950,22.09,0.339,23
670,D001_3,5,C018920,54.27,0.413,44
671,D001_3,4,C020200,74.41,0.363,32
672,D001_3,4,C027255,33.99,0.628,27
673,D001_3,1,C033745,13.55,0.122,3
674,D001_3,5,C034971,35.68,0.663,31
675,D001_3,2,C022677,8.9,0.298,18
676,D001_3,2,C006318,38.77,0.108,24
677,D001_3,3,C001471,48.75,0.206,23
678,D001_3,1,C013110,24.29,0.115,14
679,D001_3,3,C036235,54.28,0.135,29
680,D001_3,3,C006989,36.29,0.224,23
681,D001_3,1,C014672,21.81,0.123,8
682,D001_3,4,C036669,64.01,0.176,23
683,D001_3,4,C018496,61.87,0.354,37
684,D001_3,5,C044574,78.12,0.477,31
685,D001_3,3,C022628,55.86,0.245,17
686,D001_3,2,C022724,43.17,0.148,16
687,D001_3,4,C007008,77.82,0.282,35
688,D001_3,3,C049439,26.15,0.164,28
689,D001_3,4,C019264,73.41,0.217,39
690,D001_3,2,C020328,26.04,0.103,8
691,D001_3,3,C030840,40.19,0.125,27
692,D001_3,4,C008532,70.45,0.211,39
693,D001_3,3,C031172,46.23,0.221,34
694,D001_3,2,C012303,46.23,0.167,8
695,D001_3,3,C046709,52.27,0.099,23
696,D001_3,3,C013523,56.59,0.232,29
697,D001_3,3,C022899,50.12,0.167,27
698,D001_3,4,C035408,76.19,0.345,24
699,D001_3,3,C038580,54.78,0.175,26
700,D001_3,4,C006762,69.7,0.264,47
701,D001_3,3,C015079,51,0.246,28
702,D001_3,2,C028202,49.07,0.264,10
703,D001_3,2,C020502,36.32,0.066,18
704,D001_3,2,C038273,44.75,0.064,11
705,D001_3,2,C005636,40.8,0.047,29
706,D001_3,5,C021238,69.15,0.563,30
707,D001_3,4,C008799,58.77,0.256,31
708,D001_3,1,C019498,12.01,0.077,15
709,D001_3,4,C002403,73.99,0.37,43
710,D001_3,3,C023110,54.64,0.23,30
711,D001_3,1,C020415,12.01,0.093,10
712,D001_3,3,C047997,40.78,0.193,33
713,D001_3,3,C009381,62.3,0.14,36
714,D001_3,1,C014744,19.37,0.061,15
715,D001_3,3,C001725,29.12,0.179,22
716,D001_3,2,C015598,41.03,0.239,13
717,D001_3,3,C013226,52.86,0.269,38
718,D001_3,1,C032447,22.28,0.113,8
719,D001_3,3,C015835,31.52,0.133,19
720,D001_3,2,C016670,42.22,0.247,25
721,D001_3,3,C025363,61.69,0.267,27
722,D001_3,6,C037477,75.26,0.349,54
723,D001_3,2,C009714,27,0.14,27
724,D001_3,3,C033525,53.9,0.311,23
725,D001_3,2,C012516,28.36,0.103,17
726,D001_3,3,C022592,53.6,0.268,26
727,D001_3,3,C026167,63.67,0.238,30
728,D001_3,3,C008335,52.5,0.13,25
729,D001_3,1,C013464,20.01,0.031,10
730,D001_3,1,C021546,24.77,0.107,8
731,D001_3,1,C001722,18.2,0.032,5
732,D001_3,2,C009515,38.17,0.198,19
733,D001_3,3,C016093,39.14,0.295,22
734,D001_3,2,C015661,41.79,0.257,20
735,D001_3,2,C021825,29,0.125,23
736,D001_3,1,C049929,18.53,0.033,3
737,D001_3,2,C008020,43.75,0.308,20
738,D001_3,3,C012994,47.59,0.545,18
739,D001_3,4,C030836,73.62,0.598,34
740,D001_3,1,C022093,12.98,0.248,11
741,D001_3,2,C025379,21.81,0.35,22
742,D001_3,3,C043132,54.67,0.285,20
743,D001_3,2,C009627,38.78,0.153,22
744,D001_3,3,C043164,49.27,0.361,23
745,D001_3,1,C030176,24.95,0.134,6
746,D001_3,3,C019637,51.57,0.279,28
747,D001_3,2,C010781,46.81,0.364,18
748,D001_3,1,C043358,12.46,0.107,3
749,D001_3,3,C020723,69.75,0.441,31
750,D001_3,3,C030349,58.17,0.495,28
751,D001_3,2,C019800,46.57,0.294,11
752,D001_3,2,C032089,45.8,0.327,15
753,D001_3,3,C025604,44.86,0.487,21
754,D001_3,3,C039308,63.57,0.424,21
755,D001_3,3,C030179,63.85,0.47,37
756,D001_3,2,C038960,30.93,0.236,23
757,D001_3,2,C037478,39.18,0.336,26
758,D001_3,2,C020355,34.43,0.412,22
759,D001_3,1,C023243,21.72,0.177,14
760,D001_3,3,C020239,66.31,0.447,27
761,D001_3,3,C011621,63.5,0.519,20
762,D001_3,3,C002220,60.88,0.446,22
763,D001_3,3,C031641,66.85,0.382,28
764,D001_3,2,C000130,41.76,0.419,12
765,D001_3,2,C018602,43.4,0.259,18
766,D001_3,1,C013333,13.41,0.131,14
767,D001_3,2,C016651,33.14,0.348,23
768,D001_3,2,C023221,33.26,0.36,7
769,D001_3,1,C036613,18.55,0.154,11
770,D001_3,3,C021742,63.72,0.595,33
771,D001_3,1,C013913,15.93,0.177,10
772,D001_3,2,C003469,40.37,0.156,25
773,D001_3,2,C011269,41.19,0.278,19
774,D001_3,1,C041431,19.1,0.209,12
775,D001_3,2,C004124,35.62,0.409,23
776,D001_3,4,C044998,66.94,0.387,21
777,D001_3,3,C018660,57.11,0.364,22
778,D001_3,2,C027575,34.13,0.266,17
779,D001_3,1,C027675,23.85,0.077,13
780,D001_3,4,C036946,74.83,0.536,45
781,D001_3,2,C027299,33.66,0.353,20
782,D001_3,3,C027065,48.8,0.345,38
783,D001_3,3,C027379,72.56,0.245,25
784,D001_3,2,C044268,45.56,0.305,17
785,D001_3,2,C023002,39.31,0.266,19
786,D001_3,3,C023574,62.4,0.365,38
787,D001_3,1,C025117,20.65,0.135,14
788,D001_3,1,C049217,24.77,0.136,10
789,D001_3,3,C000990,60.36,0.573,24
790,D001_3,3,C040976,51.39,0.305,19
791,D001_3,2,C004778,36.33,0.321,25
792,D001_3,3,C021580,56.91,0.56,24
793,D001_3,3,C003438,58.87,0.674,21
794,D001_3,2,C027475,17.01,0.467,16
795,D001_3,1,C020321,12.66,0.19,3
796,D001_3,3,C030319,30.02,0.589,39
797,D001_3,2,C003410,21.12,0.454,8
798,D001_3,1,C031532,6.83,0.248,7
799,D001_3,2,C014105,12.64,0.337,24
800,D001_3,1,C034882,21.92,0.209,14
801,D001_3,3,C018032,29.51,0.553,27
802,D001_3,2,C041561,38.53,0.478,20
803,D001_3,2,C005911,22.7,0.408,16
804,D001_3,1,C034206,17.59,0.137,8
805,D001_3,3,C037714,22.9,0.548,36
806,D001_3,3,C012829,34.91,0.638,29
807,D001_3,1,C045919,16.29,0.199,14
808,D001_3,3,C018895,33.16,0.563,30
809,D001_3,3,C014416,47.97,0.555,18
810,D001_3,4,C042682,66.64,0.659,43
811,D001_3,1,C024020,1.99,0.23,7
812,D001_3,1,C013005,7.67,0.152,3
813,D001_3,2,C005045,46.98,0.451,14
814,D001_3,2,C013645,35.98,0.402,15
815,D001_3,2,C024416,6.41,0.3,26
816,D001_3,3,C045886,14.64,0.589,32
817,D001_3,2,C022032,44.15,0.376,16
818,D001_3,3,C014016,37.16,0.53,21
819,D001_3,3,C011823,35.53,0.521,26
820,D001_3,1,C032999,9.14,0.172,6
821,D001_3,2,C009374,16.07,0.412,27
822,D001_3,3,C001928,68.85,0.413,20
823,D001_3,3,C032112,48.61,0.544,12
824,D001_3,2,C027665,16.56,0.42,14
825,D001_3,1,C009655,15.9,0.133,9
826,D001_3,3,C040412,46.14,0.599,21
827,D001_3,1,C044074,14.8,0.219,12
828,D001_3,3,C025876,19.67,0.452,24
829,D001_3,3,C013008,32.61,0.623,24
830,D001_3,1,C000071,15.55,0.148,10
831,D001_3,3,C006368,41.83,0.497,21
832,D001_3,1,C007113,19.64,0.23,7
833,D001_3,3,C027071,35.84,0.663,32
834,D001_3,4,C017819,62.64,0.667,37
835,D001_3,3,C035781,43.09,0.517,35
836,D001_3,2,C024435,27.38,0.34,18
837,D001_3,2,C007402,35.93,0.49,23
838,D001_3,3,C012278,55.11,0.515,14
839,D001_3,1,C028788,16.13,0.229,10
840,D001_3,1,C024168,6.47,0.174,10
841,D001_3,3,C034912,18.52,0.648,29
842,D001_3,3,C049578,30.26,0.535,16
843,D001_3,2,C022873,15.56,0.376,18
844,D001_3,2,C013618,35.44,0.399,26
845,D001_3,1,C031569,22.37,0.205,13
846,D001_3,3,C025523,25.79,0.632,41
847,D001_3,2,C027038,19.36,0.434,21
848,D001_3,3,C049133,21.97,0.68,26
849,D001_3,2,C000417,19.78,0.328,10
850,D001_3,1,C016244,17.49,0.248,12
851,D001_3,1,C049823,4.41,0.242,6
852,D001_3,3,C024141,7.47,0.672,26
853,D001_3,5,C038651,16.13,0.448,40
854,D001_3,5,C035548,37.33,0.368,32
855,D001_3,4,C030870,17.5,0.391,38
856,D001_3,2,C025376,5.59,0.067,14
857,D001_3,3,C000456,19.19,0.253,25
858,D001_3,7,C043857,29.11,0.647,72
859,D001_3,1,C045882,9.47,0.049,5
860,D001_3,7,C029839,36.53,0.545,65
861,D001_3,4,C047833,10.74,0.436,38
862,D001_3,4,C048195,21.45,0.307,52
863,D001_3,8,C037437,55.64,0.68,63
864,D001_3,2,C002669,10.75,0.245,16
865,D001_3,3,C047956,18.73,0.482,27
866,D001_3,3,C029000,21.74,0.317,23
867,D001_3,7,C040614,37.13,0.686,69
868,D001_3,4,C028667,12.19,0.444,31
869,D001_3,5,C005548,27.75,0.544,48
870,D001_3,6,C044997,27.83,0.399,61
871,D001_3,6,C026279,48.57,0.388,59
872,D001_3,1,C041566,14.8,0.137,13
873,D001_3,3,C002087,62.95,0.559,21
874,D001_3,2,C013399,43.07,0.436,20
875,D001_3,2,C018635,40.66,0.395,19
876,D001_3,3,C025183,44.24,0.513,33
877,D001_3,3,C045768,42.87,0.563,27
878,D001_3,2,C026665,24.21,0.391,26
879,D001_3,1,C025539,20.04,0.215,5
880,D001_3,3,C025520,43.34,0.483,11
881,D001_3,1,C005490,23.15,0.23,8
882,D001_3,3,C004065,54.15,0.594,29
883,D001_3,2,C021890,27.23,0.361,14
884,D001_3,3,C035402,54.53,0.511,24
885,D001_3,2,C012463,43.53,0.26,20
886,D001_3,2,C022787,46.05,0.416,24
887,D001_3,3,C023278,53.98,0.653,31
888,D001_3,2,C023115,37.58,0.393,22
889,D001_3,2,C015179,28.86,0.372,9
890,D001_3,3,C003372,59.76,0.482,43
891,D001_3,1,C028568,13.64,0.222,5
892,D001_3,3,C013019,50.44,0.528,37
893,D001_3,2,C043425,35.86,0.2,11
894,D001_3,1,C008904,13.14,0.214,6
895,D001_3,5,C015946,74.7,0.687,45
896,D001_3,3,C009896,43.55,0.531,24
897,D001_3,1,C033566,9.92,0.233,6
898,D001_3,1,C030723,12.43,0.217,9
899,D001_3,3,C020287,41.46,0.577,26
900,D001_3,1,C047114,19.63,0.249,13
901,D001_3,1,C024177,18.74,0.235,11
902,D001_3,2,C012577,18.93,0.463,18
903,D001_3,3,C032151,55.21,0.444,28
904,D001_3,2,C011238,46.1,0.283,9
905,D001_3,3,C032087,50.08,0.591,14
906,D001_3,2,C013644,47.62,0.216,16
907,D001_3,3,C019331,66.3,0.579,23
908,D001_3,1,C021915,23.13,0.243,3
909,D001_3,2,C033494,32.39,0.3,15
910,D001_3,2,C005948,39.27,0.148,17
911,D001_3,2,C008318,39.84,0.31,19
912,D001_3,2,C035291,19.25,0.437,9
913,D001_3,3,C043825,60.48,0.512,30
914,D001_3,1,C000089,20.77,0.204,5
915,D001_3,3,C024718,30.3,0.611,20
916,D001_3,1,C001899,17,0.225,7
917,D001_3,3,C029983,54.44,0.646,20
918,D001_3,1,C036614,14.8,0.242,10
919,D001_3,3,C030070,59.33,0.603,26
920,D001_3,5,C010545,44.88,0.539,46
921,D001_3,2,C046872,7.68,0.362,29
922,D001_3,5,C020954,41.77,0.518,49
923,D001_3,4,C021519,44.23,0.627,26
924,D001_3,4,C045395,58.13,0.566,37
925,D001_3,2,C007545,42.18,0.213,15
926,D001_3,4,C043938,52.39,0.634,29
927,D001_3,3,C011826,17.16,0.3,22
928,D001_3,3,C022194,34.79,0.597,41
929,D001_3,4,C035570,49.13,0.547,28
930,D001_3,1,C046794,10.72,0.203,4
931,D001_3,1,C033045,19.51,0.132,9
932,D001_3,1,C013311,7.08,0.193,7
933,D001_3,3,C003065,48.12,0.59,18
934,D001_3,1,C048863,11.92,0.206,3
935,D001_3,2,C030028,25.49,0.187,15
936,D001_3,2,C028105,20.05,0.27,15
937,D001_3,2,C004514,23.35,0.338,23
938,D001_3,2,C023521,19.61,0.402,14
939,D001_3,3,C000698,52.32,0.546,24
940,D001_3,3,C002682,25.42,0.157,23
941,D001_3,4,C009282,63.33,0.352,31
942,D001_3,2,C015244,21.99,0.318,19
943,D001_3,3,C019100,28.17,0.363,30
944,D001_3,4,C022271,44.74,0.469,40
945,D001_3,3,C006925,59.55,0.489,26
946,D001_3,2,C008372,39.98,0.282,20
947,D001_3,5,C003907,68.99,0.503,47
948,D001_3,3,C029131,31.07,0.591,32
949,D001_3,1,C010446,5.93,0.217,14
950,D001_3,4,C027017,62.4,0.422,41
951,D001_3,2,C022940,16.44,0.242,6
952,D001_3,3,C007727,43.97,0.267,17
953,D001_3,2,C015918,29.77,0.25,14
954,D001_3,3,C019326,59.98,0.574,28
955,D001_3,4,C025606,53.11,0.491,40
956,D001_3,3,C027330,15.97,0.398,32
957,D001_3,3,C003832,48.42,0.299,34
958,D001_3,5,C038037,70.66,0.629,49
959,D001_3,2,C021600,24.62,0.466,17
960,D001_3,1,C015476,20.68,0.245,9
961,D001_3,3,C043105,34.96,0.359,14
962,D001_3,3,C016031,44.47,0.254,33
963,D001_3,4,C033105,41.82,0.52,43
964,D001_3,4,C024850,55.12,0.604,36
965,D001_3,3,C019617,46.43,0.301,34
966,D001_3,1,C014653,6.95,0.209,8
967,D001_3,2,C028115,6.24,0.318,11
968,D001_3,1,C046936,24.32,0.109,10
969,D001_3,4,C015956,38.19,0.682,28
970,D001_3,3,C038999,42.86,0.391,29
971,D001_3,4,C048883,47.47,0.4,28
972,D001_3,6,C003161,64.44,0.693,62
973,D001_3,4,C046159,58.61,0.527,42
974,D001_3,2,C015631,32.25,0.158,17
975,D001_3,3,C002239,44.98,0.336,25
976,D001_3,2,C014737,39.47,0.121,30
977,D001_3,1,C045994,21.62,0.203,3
978,D001_3,4,C042464,51.52,0.224,28
979,D001_3,3,C049205,41.33,0.212,31
980,D001_3,3,C040487,30.42,0.469,25
981,D001_3,4,C041644,25.75,0.529,49
982,D001_3,2,C034012,33.91,0.367,20
983,D001_3,3,C028135,54.9,0.656,28
984,D001_3,1,C041179,24.11,0.208,11
985,D001_3,1,C022369,12.49,0.234,3
986,D001_3,3,C027277,67.02,0.543,37
987,D001_3,1,C016251,11.9,0.226,6
988,D001_3,3,C027937,63.93,0.512,28
989,D001_3,2,C013709,36.27,0.341,13
990,D001_3,4,C000233,62.97,0.693,38
991,D001_3,3,C033502,62.43,0.572,27
992,D001_3,3,C046881,56.73,0.502,29
993,D001_3,2,C018744,35.48,0.385,27
994,D001_3,3,C033141,53,0.543,25
995,D001_3,1,C008062,7.66,0.213,14
996,D001_3,1,C040851,6.83,0.134,3
997,D001_3,3,C000161,65.02,0.529,29
998,D001_3,1,C012329,19.91,0.1,3
999,D001_3,4,C032090,73.19,0.633,37
1000,D001_3,1,C038992,11.71,0.149,6
1001,D001_3,2,C023425,25.02,0.289,8
1002,D001_3,3,C042645,73.76,0.498,25
1003,D001_3,1,C011714,12,0.154,10
1004,D001_3,1,C020395,21.26,0.228,12
1005,D001_3,1,C026543,21.28,0.183,7
1006,D001_3,2,C020885,29.13,0.468,19
1007,D001_3,3,C012012,68.59,0.591,26
1008,D001_3,3,C011426,58.98,0.596,27
1009,D001_3,1,C039009,14.58,0.19,3
1010,D001_3,3,C031351,65.08,0.59,38
1011,D001_3,2,C010217,43.96,0.302,19
1012,D001_3,1,C047574,16.32,0.216,4
1013,D001_3,4,C015993,76,0.637,33
1014,D001_3,3,C027145,54.92,0.6,32
1015,D001_3,4,C012978,60.63,0.607,23
1016,D001_3,2,C002226,33.25,0.407,19
1017,D001_3,2,C002076,45.96,0.265,18
1018,D001_3,3,C027858,49,0.431,20
1019,D001_3,3,C030775,43.34,0.544,27
1020,D001_3,1,C033710,24.69,0.152,9
1021,D001_3,3,C034608,58.2,0.412,18
1022,D001_3,3,C017184,29.03,0.458,18
1023,D001_3,2,C000671,28.54,0.281,21
1024,D001_3,4,C042250,55.14,0.642,39
1025,D001_3,2,C035184,46.65,0.382,19
1026,D001_3,3,C020423,52.27,0.066,32
1027,D001_3,2,C027444,37.11,0.15,18
1028,D001_3,3,C013959,45.59,0.148,21
1029,D001_3,3,C047536,64.28,0.204,18
1030,D001_3,1,C038728,17.28,0.063,4
1031,D001_3,4,C031454,73.09,0.194,42
1032,D001_3,1,C027621,20.7,0.008,11
1033,D001_3,3,C026334,68.92,0.208,13
1034,D001_3,1,C031777,20.37,0.009,3
1035,D001_3,1,C047636,20.95,0.081,14
1036,D001_3,2,C010721,40.25,0.163,12
1037,D001_3,2,C028769,40.21,0.062,14
1038,D001_3,1,C046131,19.39,0.133,15
1039,D001_3,4,C008593,70.18,0.259,34
1040,D001_3,1,C048753,14.39,0.075,6
1041,D001_3,2,C004505,39.34,0.187,12
1042,D001_3,1,C014265,22.12,0.094,15
1043,D001_3,3,C001611,71.4,0.058,30
1044,D001_3,3,C026653,69.77,0.213,23
1045,D001_3,1,C006946,15.15,0.025,14
1046,D001_3,4,C014842,66.38,0.297,49
1047,D001_3,5,C019457,77.76,0.321,50
1048,D001_3,3,C014121,57.42,0.148,26
1049,D001_3,4,C040139,76.5,0.348,50
1050,D001_3,3,C028963,55.97,0.256,21
1051,D001_3,3,C049793,66.37,0.133,27
1052,D001_3,1,C049924,22.37,0.054,3
1053,D001_3,4,C047130,66.75,0.164,37
1054,D001_3,3,C002467,49.5,0.134,17
1055,D001_3,2,C018071,35.46,0.189,18
1056,D001_3,4,C034546,65.55,0.258,26
1057,D001_3,2,C016264,24.18,0.063,18
1058,D001_3,2,C008839,36.38,0.154,15
1059,D001_3,4,C013713,71.09,0.266,35
1060,D001_3,2,C004038,32.17,0.128,19
1061,D001_3,3,C033181,50.14,0.152,29
1062,D001_3,4,C028584,65.99,0.388,41
1063,D001_3,3,C038489,66.66,0.363,15
1064,D001_3,3,C041205,66.6,0.101,26
1065,D001_3,3,C013961,58.96,0.165,25
1066,D001_3,2,C022159,36.8,0.157,20
1067,D001_3,2,C018672,45.31,0.078,13
1068,D001_3,5,C038939,72.08,0.357,36
1069,D001_3,3,C031070,24.59,0.135,40
1070,D001_3,5,C007149,71.38,0.325,57
1071,D001_3,3,C001060,48.5,0.243,19
1072,D001_3,1,C024716,13.41,0.011,9
1073,D001_3,2,C009273,34.06,0.128,18
1074,D001_3,3,C035010,50.59,0.188,40
1075,D001_3,2,C024054,28.37,0.138,10
1076,D001_3,1,C007456,23.43,0.051,4
1077,D001_3,1,C042744,13.2,0.052,6
1078,D001_3,5,C026993,77.18,0.247,49
1079,D001_3,2,C002857,23.64,0.104,19
1080,D001_3,4,C020836,56.41,0.126,41
1081,D001_3,2,C030367,35.5,0.025,29
1082,D001_3,3,C026617,29.52,0.151,27
1083,D001_3,3,C044695,41.45,0.21,19
1084,D001_3,3,C037702,48.15,0.103,28
1085,D001_3,1,C018465,24.2,0.033,15
1086,D001_3,5,C044455,75.29,0.193,48
1087,D001_3,5,C046574,74.62,0.205,39
1088,D001_3,5,C040916,70.3,0.437,54
1089,D001_3,4,C008107,33.33,0.22,24
1090,D001_3,5,C032853,54.25,0.27,37
1091,D001_3,5,C000035,78.2,0.202,56
1092,D001_3,4,C005133,30.48,0.199,26
1093,D001_3,3,C020991,32.59,0.181,31
1094,D001_3,4,C032476,48.12,0.297,40
1095,D001_3,3,C007769,61.6,0.109,33
1096,D001_3,2,C012915,33.96,0.096,22
1097,D001_3,1,C040194,9.19,0.007,9
1098,D001_3,4,C014506,73.3,0.168,31
1099,D001_3,1,C021298,14.47,0.006,12
1100,D001_3,1,C002739,14.38,0.014,8
1101,D001_3,4,C014946,65.07,0.112,53
1102,D001_3,3,C010060,38.72,0.177,27
1103,D001_3,5,C049416,69.23,0.397,35
1104,D001_3,4,C018244,57.49,0.177,41
1105,D001_3,3,C024688,45.62,0.152,35
1106,D001_3,2,C021676,16.52,0.22,15
1107,D001_3,4,C025696,48.88,0.685,40
1108,D001_3,5,C022698,74.58,0.646,43
1109,D001_3,5,C015507,76.59,0.62,54
1110,D001_3,1,C034827,21.39,0.094,11
1111,D001_3,3,C018683,28.46,0.401,25
1112,D001_3,3,C041359,45.92,0.576,37
1113,D001_3,5,C014966,46.79,0.503,35
1114,D001_3,2,C026893,26.72,0.262,16
1115,D001_3,4,C028482,72.63,0.428,28
1116,D001_3,1,C030716,18.01,0.122,4
1117,D001_3,4,C022011,13.11,0.646,48
1118,D001_3,4,C034814,68.32,0.501,19
1119,D001_3,2,C010409,20.53,0.295,11
1120,D001_3,1,C043099,13.57,0.013,11
1121,D001_3,4,C040775,69.9,0.281,34
1122,D001_3,3,C006526,12.92,0.476,11
1123,D001_3,2,C000691,19.43,0.361,25
1124,D001_3,2,C018378,33.78,0.457,17
1125,D001_3,4,C005569,40.9,0.372,39
1126,D001_3,2,C026733,6.72,0.272,17
1127,D001_3,2,C008739,37.39,0.228,21
1128,D001_3,4,C009613,51.76,0.574,46
1129,D001_3,3,C039077,30.49,0.307,21
1130,D001_3,4,C047906,60.06,0.549,35
1131,D001_3,2,C002666,26.57,0.256,20
1132,D001_3,5,C042211,68.67,0.412,33
1133,D001_3,8,C048999,72.59,0.394,68
1134,D001_3,2,C017146,13.41,0.219,12
1135,D001_3,1,C037448,11.6,0.094,8
1136,D001_3,1,C025936,8.56,0.062,4
1137,D001_3,7,C002111,42.2,0.538,61
1138,D001_3,5,C048849,27.53,0.478,41
1139,D001_3,8,C030044,43.06,0.498,74
1140,D001_3,3,C000026,9.86,0.269,26
1141,D001_3,7,C013603,38.11,0.536,69
1142,D001_3,6,C017068,51.45,0.484,64
1143,D001_3,5,C018231,43.94,0.206,49
1144,D001_3,7,C030221,39.78,0.28,54
1145,D001_3,5,C001318,51.59,0.299,31
1146,D001_3,7,C049139,41.11,0.361,58
1147,D001_3,7,C014868,45.44,0.487,54
1148,D001_3,3,C027402,13.72,0.228,24
1149,D001_3,6,C038468,46.48,0.48,44
1150,D001_3,2,C043106,22.56,0.217,9
1151,D001_3,4,C036911,63.79,0.608,40
1152,D001_3,1,C001614,7.37,0.221,7
1153,D001_3,4,C005374,46.74,0.549,50
1154,D001_3,1,C038335,1.33,0.165,4
1155,D001_3,1,C048077,22.18,0.062,9
1156,D001_3,1,C028212,19.66,0.052,13
1157,D001_3,4,C029259,67.59,0.497,35
1158,D001_3,2,C001573,29.98,0.161,16
1159,D001_3,4,C018038,36.91,0.628,35
1160,D001_3,3,C039023,24.35,0.509,29
1161,D001_3,2,C016051,30.56,0.154,28
1162,D001_3,5,C039999,63.35,0.659,49
1163,D001_3,3,C013971,30.25,0.376,26
1164,D001_3,5,C010613,52.48,0.578,42
1165,D001_3,3,C008151,39.14,0.659,26
1166,D001_3,1,C040906,16.58,0.041,8
1167,D001_3,2,C025102,28.17,0.353,21
1168,D001_3,4,C035843,61.77,0.422,35
1169,D001_3,1,C005970,10.21,0.027,15
1170,D001_3,2,C009556,19.74,0.478,22
1171,D001_3,3,C002360,52.14,0.134,41
1172,D001_3,3,C010997,20.91,0.465,16
1173,D001_3,2,C015590,30.76,0.365,25
1174,D001_3,3,C026078,46.85,0.384,12
1175,D001_3,3,C028354,27.5,0.192,37
1176,D001_3,3,C007750,55.76,0.536,27
1177,D001_3,5,C014482,54.87,0.451,37
1178,D001_3,4,C018734,38.49,0.085,37
1179,D001_3,2,C003586,43.99,0.251,19
1180,D001_3,4,C014106,42.27,0.652,36
1181,D001_3,4,C001031,33.83,0.557,49
1182,D001_3,4,C038952,70.92,0.306,21
1183,D001_3,1,C011043,21.2,0.164,5
1184,D001_3,3,C024001,35.4,0.24,22
1185,D001_3,4,C023770,73.26,0.503,31
1186,D001_3,4,C040559,65.13,0.51,45
1187,D001_3,2,C002109,41.1,0.227,17
1188,D001_3,2,C007095,45.19,0.228,19
1189,D001_3,2,C002864,35.06,0.321,11
1190,D001_3,2,C005060,15.7,0.206,20
1191,D001_3,2,C022180,43.61,0.237,16
1192,D001_3,2,C001576,36.69,0.378,25
1193,D001_3,1,C033299,9.18,0.101,14
1194,D001_3,3,C031757,65.51,0.328,30
1195,D001_3,1,C032040,22.79,0.061,12
1196,D001_3,3,C033994,53.78,0.308,23
1197,D001_3,1,C029962,17.79,0.026,9
1198,D001_3,3,C014803,57.49,0.114,18
1199,D001_3,2,C002913,34.12,0.139,23
1200,D001_3,2,C013251,46.25,0.247,19
1201,D001_3,3,C032721,66.76,0.336,34
1202,D001_3,3,C004821,57.74,0.233,22
1203,D001_3,2,C020242,39.53,0.194,15
1204,D001_3,3,C026963,64.69,0.261,33
1205,D001_3,2,C031687,41.36,0.202,19
1206,D001_3,2,C029684,42.85,0.061,10
1207,D001_3,1,C029139,24.46,0.212,9
1208,D001_3,3,C044944,55.58,0.09,23
1209,D001_3,3,C043847,52.82,0.2,29
1210,D001_3,4,C045365,74.34,0.253,45
1211,D001_3,4,C005016,73.94,0.168,40
1212,D001_3,3,C020536,44.99,0.275,23
1213,D001_3,1,C003748,20.36,0.027,9
1214,D001_3,3,C010618,64.5,0.054,26
1215,D001_3,1,C044136,19.26,0.077,11
1216,D001_3,3,C020089,43.52,0.287,26
1217,D001_3,1,C033125,15.9,0.007,4
1218,D001_3,1,C045608,18.51,0.122,8
1219,D001_3,3,C017769,66.1,0.375,27
1220,D001_3,2,C012409,37.77,0.226,18
1221,D001_3,3,C049869,55.36,0.355,21
1222,D001_3,2,C007842,40.49,0.058,21
1223,D001_3,3,C024352,53.15,0.126,26
1224,D001_3,3,C042889,51.71,0.333,33
1225,D001_3,3,C007082,50.37,0.328,33
1226,D001_3,1,C037736,18.44,0.062,10
1227,D001_3,3,C004895,61.02,0.293,32
1228,D001_3,2,C014757,40.08,0.284,9
1229,D001_3,2,C013800,47.93,0.068,10
1230,D001_3,2,C008693,47.68,0.132,28
1231,D001_3,6,C008877,54.16,0.63,61
1232,D001_3,4,C033954,73.85,0.576,47
1233,D001_3,1,C042326,14.17,0.033,6
1234,D001_3,3,C009239,24.75,0.512,23
1235,D001_3,2,C001084,23.67,0.222,15
1236,D001_3,4,C030321,36.8,0.646,36
1237,D001_3,3,C018572,50.05,0.445,34
1238,D001_3,4,C034445,45.32,0.518,37
1239,D001_3,2,C035071,22.14,0.357,15
1240,D001_3,1,C032530,1.86,0.188,10
1241,D001_3,5,C020957,38.05,0.556,36
1242,D001_3,2,C016965,41.15,0.353,17
1243,D001_3,1,C024172,9.12,0.127,6
1244,D001_3,5,C048505,35.09,0.636,46
1245,D001_3,3,C024316,50.02,0.477,33
1246,D001_3,1,C004025,23.53,0.187,12
1247,D001_3,4,C025786,70.21,0.618,35
1248,D001_3,2,C020974,12.94,0.207,13
1249,D001_3,3,C046754,17.96,0.486,18
1250,D001_3,3,C044848,28.53,0.39,24
1251,D001_3,2,C011941,43.77,0.359,11
1252,D001_3,4,C030966,16.24,0.581,36
1253,D001_3,4,C009218,12.89,0.569,52
1254,D001_3,4,C045655,29.34,0.504,29
1255,D001_3,2,C014039,30.31,0.413,17
1256,D001_3,3,C011448,52.25,0.412,18
1257,D001_3,2,C009073,29.85,0.37,20
1258,D001_3,1,C042252,19.64,0.219,7
1259,D001_3,2,C004417,37.68,0.347,21
1260,D001_3,3,C048755,54.22,0.688,33
1261,D001_3,1,C025990,24.85,0.207,15
1262,D001_3,3,C022242,47.83,0.64,30
1263,D001_3,3,C000291,37.38,0.521,26
1264,D001_3,3,C024936,54.66,0.42,27
1265,D001_3,3,C044811,54.44,0.448,27
1266,D001_3,3,C044082,50.73,0.494,24
1267,D001_3,2,C019051,40.77,0.323,22
1268,D001_3,2,C016558,36.79,0.368,20
1269,D001_3,4,C029385,70.62,0.549,35
1270,D001_3,2,C011531,39.48,0.359,18
1271,D001_3,1,C018296,20.63,0.232,8
1272,D001_3,3,C042829,59.61,0.42,22
1273,D001_3,2,C036170,30.24,0.272,21
1274,D001_3,3,C032189,53.63,0.627,25
1275,D001_3,1,C019400,22.13,0.174,5
1276,D001_3,4,C021430,70.67,0.69,29
1277,D001_3,1,C043253,19.16,0.175,15
1278,D001_3,1,C017932,24.6,0.185,15
1279,D001_3,1,C049797,8.29,0.245,15
1280,D001_3,4,C045184,51.14,0.644,25
1281,D001_3,1,C044227,17.15,0.136,12
1282,D001_3,2,C012245,32.59,0.338,27
1283,D001_3,3,C033750,50.15,0.598,32
1284,D001_3,3,C028405,59.23,0.496,16
1285,D001_3,1,C045959,20.83,0.083,3
1286,D001_3,2,C000798,36.08,0.319,13
1287,D001_3,2,C028946,36.87,0.379,18
1288,D001_3,2,C006376,40.88,0.271,17
1289,D001_3,2,C019940,39.52,0.458,20
1290,D001_3,1,C020678,19.78,0.241,8
1291,D001_3,3,C010364,58.45,0.503,26
1292,D001_3,1,C029368,20.18,0.115,7
1293,D001_3,3,C035551,47.18,0.63,26
1294,D001_3,2,C015646,34.73,0.307,11
1295,D001_3,1,C047880,23.87,0.222,8
1296,D001_3,3,C001762,65.73,0.607,21
1297,D001_3,2,C014325,39.74,0.306,20
1298,D001_3,1,C038420,17.54,0.236,3
1299,D001_3,2,C012058,42.68,0.379,13
1300,D001_3,3,C008328,49.34,0.53,28
1301,D001_3,3,C005946,39.57,0.533,23
1302,D001_3,2,C010460,27.46,0.437,23
1303,D001_3,2,C008169,29.91,0.361,28
1304,D001_3,4,C019040,60.15,0.687,47
1305,D001_3,1,C045607,22.93,0.204,5
1306,D001_3,3,C000451,53.11,0.616,14
1307,D001_3,2,C023186,39.54,0.377,19
1308,D001_3,2,C015657,22.31,0.39,26
1309,D001_3,3,C016369,56.45,0.485,31
1310,D001_3,1,C014574,24.81,0.219,9
1311,D001_3,3,C041944,42.63,0.479,14
1312,D001_3,3,C017037,48.32,0.607,19
1313,D001_3,3,C048207,71.81,0.574,24
1314,D001_3,3,C004261,62.2,0.522,24
1315,D001_3,1,C001575,14.82,0.239,5
1316,D001_3,1,C014952,17.58,0.163,12
1317,D001_3,3,C043986,60.88,0.441,26
1318,D001_3,1,C032949,22.63,0.1,8
1319,D001_3,1,C002465,17.04,0.226,9
1320,D001_3,2,C001263,26.88,0.471,29
1321,D001_3,1,C036175,14.61,0.238,15
1322,D001_3,3,C027569,41.75,0.529,28
1323,D001_3,3,C019354,36.54,0.662,19
1324,D001_3,3,C036270,16.11,0.345,36
1325,D001_3,7,C047929,46.94,0.531,58
1326,D001_3,5,C005509,56.66,0.215,45
1327,D001_3,5,C019828,30.4,0.187,35
1328,D001_3,5,C027471,33.12,0.64,39
1329,D001_3,5,C018264,21.04,0.387,52
1330,D001_3,3,C025758,11.93,0.43,31
1331,D001_3,5,C043762,31.9,0.319,45
1332,D001_3,8,C038753,65.38,0.23,71
1333,D001_3,1,C004816,3.55,0.12,9
1334,D001_3,6,C011996,42.3,0.619,60
1335,D001_3,4,C042168,34.57,0.231,27
1336,D001_3,1,C025592,10.36,0.086,5
1337,D001_3,5,C043563,37.51,0.619,29
1338,D001_3,3,C004768,6.42,0.392,20
1339,D001_3,6,C034348,56.92,0.354,52
1340,D001_3,2,C041425,7.61,0.258,21
1341,D001_3,12,C005261,57.24,0.613,99
1342,D001_3,8,C024698,56.21,0.403,77
1343,D001_3,6,C027593,39.77,0.432,53
1344,D001_3,3,C042457,26.03,0.266,35
1345,D001_3,2,C006567,9.76,0.219,24
1346,D001_3,6,C031434,36.72,0.486,59
1347,D001_3,6,C040557,28.27,0.488,41
1348,D001_3,6,C007847,20.11,0.418,34
1349,D001_3,4,C040277,11.36,0.365,50
1350,D001_3,3,C044542,62.4,0.552,22
1351,D001_3,1,C030992,17.31,0.249,7
1352,D001_3,4,C002590,64.75,0.676,51
1353,D001_3,1,C021480,21.78,0.172,3
1354,D001_3,3,C018616,54.04,0.582,30
1355,D001_3,1,C038560,13.02,0.182,14
1356,D001_3,3,C024975,56.62,0.513,16
1357,D001_3,1,C019958,21.88,0.225,11
1358,D001_3,3,C045767,53.88,0.528,28
1359,D001_3,2,C013465,38.07,0.345,13
1360,D001_3,1,C028633,18.02,0.134,5
1361,D001_3,3,C036072,42.72,0.549,34
1362,D001_3,2,C015284,39.55,0.409,22
1363,D001_3,1,C041243,21.54,0.207,12
1364,D001_3,2,C029489,42.92,0.427,22
1365,D001_3,2,C005518,44.49,0.37,19
1366,D001_3,3,C026322,44.41,0.651,22
1367,D001_3,2,C038103,31.28,0.334,12
1368,D001_3,3,C012394,61.71,0.517,24
1369,D001_3,2,C030732,33.93,0.376,28
1370,D001_3,2,C007330,36.57,0.272,16
1371,D001_3,4,C005130,56,0.629,32
1372,D001_3,2,C001983,31.19,0.317,23
1373,D001_3,1,C031377,21.33,0.186,3
1374,D001_3,2,C037901,31.72,0.448,9
1375,D001_3,2,C027773,39.06,0.286,15
1376,D001_3,2,C022688,37.93,0.321,23
1377,D001_3,1,C045331,17.11,0.209,7
1378,D001_3,2,C007432,38.49,0.351,8
1379,D001_3,2,C024091,41.95,0.381,18
1380,D001_3,5,C017452,75.52,0.66,56
1381,D001_3,1,C035031,17.79,0.234,3
1382,D001_3,2,C029194,45.51,0.467,16
1383,D001_3,2,C017522,30.95,0.394,19
1384,D001_3,1,C041879,24.51,0.171,12
1385,D001_3,3,C038233,61.97,0.432,30
1386,D001_3,3,C036970,53.01,0.598,25
1387,D001_3,3,C039807,53.45,0.535,30
1388,D001_3,1,C043454,23.3,0.145,3
1389,D001_3,4,C044560,72.85,0.652,41
1390,D001_3,2,C000422,47.98,0.414,10
1391,D001_3,3,C016279,60.3,0.672,23
1392,D001_3,1,C038985,19.09,0.164,12
1393,D001_3,3,C018723,59.01,0.608,35
1394,D001_3,3,C031944,58.37,0.559,32
1395,D001_3,2,C031866,34.41,0.218,13
1396,D001_3,1,C041967,18.67,0.225,3
1397,D001_3,3,C024169,52.44,0.548,21
1398,D001_3,4,C044323,47.48,0.11,30
1399,D001_3,5,C031505,63.49,0.199,34
1400,D001_3,4,C009445,35.31,0.404,26
1401,D001_3,5,C031967,46.77,0.355,42
1402,D001_3,4,C032761,65.53,0.282,38
1403,D001_3,4,C020625,70.77,0.229,43
1404,D001_3,3,C000924,54.22,0.263,37
1405,D001_3,3,C026338,56.21,0.255,27
1406,D001_3,3,C015022,31.03,0.102,22
1407,D001_3,3,C030580,64.42,0.159,32
1408,D001_3,4,C038975,57.19,0.214,24
1409,D001_3,5,C018314,54.33,0.353,48
1410,D001_3,4,C025782,34.27,0.275,38
1411,D001_3,6,C000428,67.36,0.249,76
1412,D001_3,3,C010018,58.38,0.195,21
1413,D001_3,6,C031577,74.91,0.392,52
1414,D001_3,10,C001817,64.47,0.532,81
1415,D001_3,7,C009303,57.92,0.391,60
1416,D001_3,5,C005341,67.66,0.337,43
1417,D001_3,6,C041214,75.05,0.173,61
1418,D001_3,3,C029117,56.47,0.226,29
1419,D001_3,5,C018514,69.59,0.251,45
1420,D001_3,2,C007809,9.88,0.43,15
1421,D001_3,2,C017657,14.61,0.488,21
1422,D001_3,2,C041517,16.39,0.311,11
1423,D001_3,1,C031768,5.6,0.228,13
1424,D001_3,3,C007653,14.63,0.577,25
1425,D001_3,1,C010829,3.11,0.25,10
1426,D001_3,1,C044565,10.05,0.196,13
1427,D001_3,3,C040185,16.09,0.607,24
1428,D001_3,2,C028250,13.9,0.442,16
1429,D001_3,2,C027904,16.26,0.37,17
1430,D001_3,1,C016823,1.96,0.167,4
1431,D001_3,4,C009093,24.95,0.665,27
1432,D001_3,4,C032171,39.68,0.681,45
1433,D001_3,3,C046248,11.47,0.491,33
1434,D001_3,2,C005980,9.55,0.431,15
1435,D001_3,2,C031983,14.58,0.462,29
1436,D001_3,1,C008712,3.98,0.212,4
1437,D001_3,1,C041045,6.8,0.168,11
1438,D001_3,3,C006004,17.69,0.533,21
1439,D001_3,1,C049579,1.81,0.191,12
1440,D001_3,1,C046194,9.03,0.245,10
1441,D001_3,2,C041744,25.39,0.333,22
1442,D001_3,1,C039395,13.38,0.171,13
1443,D001_3,1,C027991,8.07,0.25,15
1444,D001_3,4,C005608,34.37,0.654,31
1445,D001_3,1,C018371,5.26,0.156,3
1446,D001_3,3,C015606,27.24,0.684,33
1447,D001_3,1,C022243,2.49,0.135,7
1448,D001_3,3,C043408,9.73,0.561,26
1449,D001_3,1,C029528,4.22,0.198,8
1450,D001_3,3,C001919,34.72,0.631,21
1451,D001_3,1,C003825,4.17,0.088,4
1452,D001_3,3,C005373,14.29,0.412,36
1453,D001_3,2,C038229,15.07,0.398,17
1454,D001_3,3,C030324,21.46,0.618,30
1455,D001_3,2,C017549,7.21,0.285,24
1456,D001_3,3,C033262,9.35,0.462,24
1457,D001_3,2,C003069,7.77,0.354,28
1458,D001_3,2,C005568,11.21,0.347,22
1459,D001_3,2,C000957,21.96,0.413,16
1460,D001_3,2,C002363,7.13,0.299,18
1461,D001_3,1,C007229,2.85,0.192,8
1462,D001_3,1,C049064,3.11,0.227,15
1463,D001_3,3,C039173,27.89,0.488,15
1464,D001_3,1,C039332,6.27,0.214,8
1465,D001_3,4,C001677,26.03,0.649,34
1466,D001_3,3,C048739,10.06,0.552,34
1467,D001_3,1,C018773,5.7,0.091,7
1468,D001_3,2,C009099,8.53,0.451,20
1469,D001_3,1,C024557,1.11,0.247,7
1470,D001_3,2,C010218,15.6,0.278,24
1471,D001_3,3,C022184,9.01,0.403,31
1472,D001_3,3,C000441,7.32,0.557,25
1473,D001_3,2,C018073,18.66,0.324,6
1474,D001_3,3,C034352,28.97,0.448,34
1475,D001_3,2,C010638,8.88,0.322,15
1476,D001_3,1,C028843,0.75,0.121,4
1477,D001_3,3,C047964,15.26,0.317,31
1478,D001_3,3,C045938,14.96,0.478,31
1479,D001_3,1,C000689,9.51,0.165,3
1480,D001_3,3,C045243,12.45,0.625,17
1481,D001_3,2,C001130,19.32,0.347,26
1482,D001_3,3,C036047,19.02,0.63,32
1483,D001_3,3,C018639,15.31,0.632,36
1484,D001_3,5,C042323,64.74,0.556,42
1485,D001_3,1,C029669,7.87,0.218,5
1486,D001_3,3,C038933,52.67,0.495,26
1487,D001_3,3,C024457,29.29,0.496,30
1488,D001_3,1,C003206,10.57,0.108,7
1489,D001_3,4,C033562,63.27,0.506,44
1490,D001_3,3,C013752,38.65,0.618,32
1491,D001_3,2,C044293,29.78,0.101,28
1492,D001_3,1,C046373,19.35,0.199,3
1493,D001_3,2,C027730,33.74,0.167,14
1494,D001_3,3,C040633,57.29,0.445,26
1495,D001_3,4,C005115,46.24,0.48,29
1496,D001_3,6,C009811,51.14,0.467,57
1497,D001_3,1,C024413,12.78,0.165,12
1498,D001_3,2,C018545,37.43,0.404,19
1499,D001_3,2,C007316,38.98,0.333,15
1500,D001_3,1,C041686,19.81,0.217,8
1501,D001_3,4,C020665,47.12,0.689,35
1502,D001_3,1,C014465,6.02,0.06,10
1503,D001_3,4,C016745,63.05,0.547,43
1504,D001_3,3,C035840,30.11,0.264,25
1505,D001_3,1,C046203,14.41,0.145,7
1506,D001_3,1,C029899,14.45,0.203,10
1507,D001_3,5,C004198,64.88,0.567,52
1508,D001_3,3,C043490,46.19,0.233,37
1509,D001_3,3,C023092,50.58,0.267,36
1510,D001_3,4,C012386,20.26,0.666,51
1511,D001_3,2,C012504,11.33,0.23,14
1512,D001_3,3,C032487,47.01,0.294,21
1513,D001_3,3,C026432,53.9,0.537,22
1514,D001_3,2,C001217,10.95,0.39,19
1515,D001_3,2,C005403,26.89,0.241,11
1516,D001_3,4,C025245,56.15,0.526,35
1517,D001_3,1,C046972,0.96,0.206,14
1518,D001_3,2,C026936,38.87,0.291,28
1519,D001_3,3,C042789,41.2,0.354,39
1520,D001_3,1,C021650,11.35,0.199,14
1521,D001_3,2,C022826,35.19,0.209,7
1522,D001_3,2,C037699,17.55,0.27,15
1523,D001_3,5,C033699,50.57,0.465,43
1524,D001_3,2,C008707,27.47,0.245,23
1525,D001_3,3,C003836,28.56,0.445,43
1526,D001_3,2,C002577,20.4,0.257,26
1527,D001_3,5,C020956,57.66,0.681,49
1528,D001_3,5,C021644,33.01,0.685,24
1529,D001_3,5,C049906,51.67,0.365,40
1530,D001_3,3,C018711,42.77,0.156,33
1531,D001_3,5,C044044,46.02,0.681,50
1532,D001_3,3,C007264,71.4,0.278,20
1533,D001_3,1,C038097,22,0.01,5
1534,D001_3,3,C019998,70.13,0.295,30
1535,D001_3,4,C000979,69.51,0.346,33
1536,D001_3,3,C017647,60.93,0.27,31
1537,D001_3,1,C001886,21.61,0.014,11
1538,D001_3,3,C013922,52.58,0.294,33
1539,D001_3,3,C017988,64.17,0.235,26
1540,D001_3,1,C016366,21.98,0.069,14
1541,D001_3,3,C035630,62.98,0.243,39
1542,D001_3,2,C041556,44.03,0.177,15
1543,D001_3,1,C028986,24.14,0.109,12
1544,D001_3,2,C024750,34.56,0.199,14
1545,D001_3,3,C002070,53.33,0.373,26
1546,D001_3,4,C013357,67.69,0.25,34
1547,D001_3,2,C024066,34.62,0.076,16
1548,D001_3,1,C008078,13.87,0.044,15
1549,D001_3,1,C015864,19.22,0.162,4
1550,D001_3,1,C025738,18.64,0.164,14
1551,D001_3,3,C040030,61.03,0.435,29
1552,D001_3,2,C017709,42.34,0.197,19
1553,D001_3,2,C019951,38.83,0.066,18
1554,D001_3,3,C025564,61.03,0.311,32
1555,D001_3,2,C033929,44.87,0.181,10
1556,D001_3,3,C017290,62.11,0.227,28
1557,D001_3,2,C006932,35.4,0.092,27
1558,D001_3,3,C025399,47.64,0.179,19
1559,D001_3,2,C006091,36.84,0.157,28
1560,D001_3,3,C004014,62.57,0.452,31
1561,D001_3,1,C014921,17.05,0.098,13
1562,D001_3,1,C029843,17.37,0.115,15
1563,D001_3,3,C009493,70.59,0.325,31
1564,D001_3,2,C023506,39.31,0.104,15
1565,D001_3,3,C026132,56.05,0.36,21
1566,D001_3,3,C048623,67.94,0.211,33
1567,D001_3,3,C001559,62.63,0.318,29
1568,D001_3,4,C006281,67.39,0.495,52
1569,D001_3,1,C018301,24.22,0.057,5
1570,D001_3,2,C006988,41.46,0.109,22
1571,D001_3,2,C028890,42.05,0.203,23
1572,D001_3,2,C004248,42.87,0.073,6
1573,D001_3,3,C034692,54.65,0.381,27
1574,D001_3,2,C026860,29.4,0.039,24
1575,D001_3,3,C021319,61.62,0.265,16
1576,D001_3,2,C000442,42.37,0.145,16
1577,D001_3,2,C008277,46.45,0.069,16
1578,D001_3,1,C006859,17.69,0.056,3
1579,D001_3,3,C036567,64.42,0.275,25
1580,D001_3,3,C048800,39.48,0.619,30
1581,D001_3,2,C025322,34.05,0.412,12
1582,D001_3,2,C019180,24.6,0.39,9
1583,D001_3,2,C012452,33.57,0.43,8
1584,D001_3,3,C048589,22.3,0.526,18
1585,D001_3,2,C009513,26.77,0.453,15
1586,D001_3,2,C045828,15.26,0.394,24
1587,D001_3,2,C010125,15.55,0.41,15
1588,D001_3,3,C013007,52.66,0.611,17
1589,D001_3,1,C020642,14.31,0.217,15
1590,D001_3,3,C003148,36.49,0.531,20
1591,D001_3,3,C037232,37.89,0.616,27
1592,D001_3,2,C007391,25.81,0.321,24
1593,D001_3,2,C000626,24.04,0.386,28
1594,D001_3,2,C027909,23.66,0.356,26
1595,D001_3,2,C035581,6,0.412,22
1596,D001_3,3,C048857,35.79,0.67,32
1597,D001_3,1,C002873,9.39,0.179,15
1598,D001_3,1,C019384,2.97,0.177,14
1599,D001_3,3,C015823,33.88,0.668,43
1600,D001_3,1,C048288,7.44,0.163,7
1601,D001_3,3,C033226,30.62,0.626,18
1602,D001_3,1,C021016,6.03,0.249,15
1603,D001_3,2,C012598,35.59,0.371,25
1604,D001_3,2,C008636,12.72,0.423,9
1605,D001_3,1,C040027,4.54,0.216,4
1606,D001_3,2,C020534,34.47,0.38,10
1607,D001_3,3,C036488,38.23,0.577,26
1608,D001_3,2,C007393,22.19,0.361,13
1609,D001_3,3,C029456,27.22,0.654,26
1610,D001_3,3,C045944,53.38,0.514,30
1611,D001_3,2,C014390,17.61,0.341,10
1612,D001_3,2,C016682,15.7,0.342,14
1613,D001_3,1,C009854,16.77,0.206,15
1614,D001_3,3,C023315,39.57,0.539,25
1615,D001_3,1,C023024,12.42,0.237,9
1616,D001_3,2,C014760,15.71,0.394,23
1617,D001_3,2,C007240,27.74,0.409,21
1618,D001_3,3,C017745,42.59,0.627,25
1619,D001_3,1,C035826,16.85,0.168,12
1620,D001_3,2,C001232,34.18,0.396,8
1621,D001_3,2,C006499,27.94,0.283,20
1622,D001_3,2,C019848,14.5,0.418,19
1623,D001_3,4,C022066,31.82,0.637,38
1624,D001_3,3,C016174,53.71,0.626,28
1625,D001_3,3,C012848,29.76,0.574,29
1626,D001_3,1,C038174,7.57,0.201,14
1627,D001_3,3,C007096,37.75,0.585,32
1628,D001_3,1,C043322,21.27,0.25,6
1629,D001_3,2,C017848,21.91,0.314,25
1630,D001_3,2,C009944,19.78,0.428,11
1631,D001_3,3,C014878,20.65,0.573,26
1632,D001_3,3,C049983,12.81,0.491,30
1633,D001_3,1,C049661,21.01,0.049,9
1634,D001_3,1,C003847,8.18,0.227,7
1635,D001_3,3,C029284,24.71,0.558,27
1636,D001_3,2,C013056,24.68,0.23,18
1637,D001_3,1,C049891,16.75,0.206,7
1638,D001_3,3,C001548,20.37,0.523,38
1639,D001_3,2,C000978,25.66,0.398,14
1640,D001_3,3,C026147,28.32,0.327,31
1641,D001_3,4,C008278,48.91,0.43,40
1642,D001_3,3,C005850,51.8,0.312,33
1643,D001_3,1,C005040,22.92,0.048,13
1644,D001_3,5,C036877,74.05,0.548,40
1645,D001_3,4,C043250,65.98,0.663,22
1646,D001_3,6,C029442,77.58,0.407,62
1647,D001_3,1,C020662,6.33,0.176,6
1648,D001_3,4,C016485,50.15,0.51,29
1649,D001_3,2,C034762,38.75,0.243,24
1650,D001_3,4,C049911,57.64,0.642,36
1651,D001_3,4,C019117,54.16,0.47,22
1652,D001_3,1,C018345,13.19,0.243,10
1653,D001_3,3,C008503,43.33,0.39,28
1654,D001_3,2,C002990,40.95,0.282,22
1655,D001_3,3,C006845,36.61,0.422,21
1656,D001_3,3,C048906,47.93,0.391,28
1657,D001_3,3,C040623,42.57,0.364,21
1658,D001_3,2,C002998,10.8,0.233,14
1659,D001_3,2,C017080,8,0.363,24
1660,D001_3,5,C032126,33.5,0.585,51
1661,D001_3,5,C022655,36.18,0.546,52
1662,D001_3,2,C003815,11.94,0.175,22
1663,D001_3,3,C001613,14.92,0.285,11
1664,D001_3,3,C005711,21.77,0.285,38
1665,D001_3,3,C023086,20.29,0.477,38
1666,D001_3,2,C009264,9.23,0.226,18
1667,D001_3,2,C027982,5.15,0.271,19
1668,D001_3,3,C003617,5.14,0.429,33
1669,D001_3,1,C003664,11.23,0.201,7
1670,D001_3,3,C048925,20.74,0.625,20
1671,D001_3,3,C019061,15.04,0.237,30
1672,D001_3,1,C024279,3.99,0.048,13
1673,D001_3,6,C001610,36.08,0.419,60
1674,D001_3,5,C022143,36.2,0.443,32
1675,D001_3,1,C049304,8.69,0.039,6
1676,D001_3,7,C014536,35.96,0.504,42
1677,D001_3,9,C044821,48.22,0.47,97
1678,D001_3,3,C033142,20.73,0.509,21
1679,D001_3,1,C047892,1.57,0.214,14
1680,D001_3,2,C001967,25.29,0.379,23
1681,D001_3,2,C010543,8.58,0.387,20
1682,D001_3,1,C020099,18.19,0.245,9
1683,D001_3,2,C017166,17.34,0.309,22
1684,D001_3,2,C019931,13.22,0.387,26
1685,D001_3,3,C021239,36.14,0.494,22
1686,D001_3,2,C037044,10.46,0.441,18
1687,D001_3,3,C020049,14.95,0.493,40
1688,D001_3,2,C005902,5.86,0.395,21
1689,D001_3,3,C000752,32.97,0.637,32
1690,D001_3,2,C001781,21.26,0.293,24
1691,D001_3,1,C005506,15.43,0.197,15
1692,D001_3,3,C028601,34.82,0.603,27
1693,D001_3,3,C001984,25.79,0.554,39
1694,D001_3,3,C014973,18.98,0.348,26
1695,D001_3,4,C045902,19.42,0.687,53
1696,D001_3,2,C030757,5.33,0.34,18
1697,D001_3,4,C012252,33.01,0.659,42
1698,D001_3,2,C011565,11.37,0.279,25
1699,D001_3,1,C002523,6.88,0.123,5
1700,D001_3,2,C004517,2.85,0.474,24
1701,D001_3,2,C010654,3.2,0.365,28
1702,D001_3,1,C017619,1.35,0.184,11
1703,D001_3,4,C031546,29.29,0.659,42
1704,D001_3,2,C016802,16.02,0.359,25
1705,D001_3,2,C030085,15.17,0.298,11
1706,D001_3,3,C029402,20.9,0.575,32
1707,D001_3,3,C020240,17.22,0.617,28
1708,D001_3,3,C020110,10.01,0.494,41
1709,D001_3,2,C027417,19.33,0.244,21
1710,D001_3,4,C018483,28.54,0.553,31
1711,D001_3,1,C046277,1.83,0.17,9
1712,D001_3,3,C021409,6.36,0.291,27
1713,D001_3,3,C012054,21.75,0.473,30
1714,D001_3,3,C022375,21.06,0.627,21
1715,D001_3,1,C044981,4.94,0.214,10
1716,D001_3,3,C001025,27.88,0.522,31
1717,D001_3,1,C019751,11.41,0.196,8
1718,D001_3,3,C005720,24.01,0.542,22
1719,D001_3,2,C032493,13.45,0.468,7
1720,D001_3,2,C026227,12.81,0.436,17
1721,D001_3,3,C016628,16.07,0.578,25
1722,D001_3,2,C010510,20.97,0.427,23
1723,D001_1,35,C012425,552.31,4.126,328
1724,D001_1,27,C030868,430.17,3.737,191
1725,D001_1,20,C009029,326.51,2.501,175
1726,D001_1,29,C019068,428.16,3.438,285
1727,D001_1,22,C029389,319.29,2.534,216
1728,D001_1,24,C016488,359.44,2.996,207
1729,D001_1,13,C042962,174.03,1.847,129
1730,D001_1,37,C013706,324.45,7.689,362
1731,D001_1,41,C013862,358.68,8.72,352
1732,D001_1,10,C038313,213.84,1.163,77
1733,D001_1,29,C018557,549.72,3.048,272
1734,D001_1,9,C041067,178.56,0.915,74
1735,D001_1,28,C031980,581.64,3.662,229
1736,D001_1,6,C035003,138.44,0.757,41
1737,D001_1,27,C002604,542.67,3.033,237
1738,D001_1,54,C009028,653.5,7.478,466
1739,D001_1,43,C027527,580.73,5.199,386
1740,D001_1,34,C019496,478.83,6.189,297
1741,D001_1,12,C034429,200.59,2.288,116
1742,D001_1,4,C016656,68.2,0.673,25
1743,D001_1,44,C035167,646.67,7.854,365
1744,D001_1,39,C044601,492.18,5.159,341
1745,D001_1,19,C016846,305.36,0.868,175
1746,D001_1,19,C040357,331.99,1.796,129
1747,D001_1,22,C006462,450.52,2.314,201
1748,D001_1,27,C005606,534.94,2.289,236
1749,D001_1,12,C000968,206.75,1.095,108
1750,D001_1,28,C044575,323.97,1.263,235
1751,D001_1,51,C017887,571.5,3.029,431
1752,D001_1,95,C016009,627.93,7.817,857
1753,D001_1,80,C047450,626.11,7.114,693
1754,D001_1,32,C006573,398.83,3.66,225
1755,D001_1,54,C013884,542.68,6.887,494
1756,D001_1,38,C028763,508.88,2.421,376
1757,D001_1,56,C049649,604.35,3.989,484
1758,D001_1,44,C029422,458.08,2.572,365
1759,D001_1,54,C023553,613.34,7.585,523
1760,D001_1,37,C039315,443,5.871,322
1761,D001_1,16,C015174,229.56,3.332,120
1762,D001_1,43,C035201,548.03,8.336,389
1763,D001_1,16,C031848,248.19,3.149,121
1764,D001_1,48,C024150,646.55,9.003,423
1765,D001_1,18,C015822,137.26,2.994,169
1766,D001_1,52,C035001,446.21,6.909,460
1767,D001_1,30,C010103,342.05,4.037,254
1768,D001_1,34,C021948,191.84,5.465,286
1769,D001_1,42,C032585,253.17,6.389,393
1770,D001_1,26,C024723,143.28,4.464,236
1771,D001_1,43,C044049,399.69,7.551,394
1772,D001_1,21,C036199,162.73,4.165,206
1773,D001_1,98,C023743,651.8,6.846,871
1774,D001_1,36,C012320,426.86,5.203,303
1775,D001_1,24,C045613,240.55,2.69,208
1776,D001_1,22,C013383,220.42,2.986,195
1777,D001_1,47,C011685,569.42,5.188,382
1778,D001_1,95,C005870,581.51,8.835,842
1779,D001_1,46,C017113,568.66,6.076,406
1780,D001_1,38,C012108,561.99,4.533,329
1781,D001_1,14,C004542,176.7,1.376,127
1782,D001_1,44,C012247,458.5,5.485,397
1783,D001_1,17,C003768,194.15,1.639,142
1784,D001_1,51,C009797,613.91,6.946,447
1785,D001_1,30,C046412,306.6,4.856,299
1786,D001_1,38,C039276,418.41,5.06,369
1787,D001_1,31,C036062,165.25,6.43,245
1788,D001_1,12,C041126,44.65,2.468,113
1789,D001_1,9,C023125,29.63,1.834,66
1790,D001_1,45,C005101,302.17,8.39,381
1791,D001_1,49,C014408,659,6.965,426
1792,D001_1,35,C041940,501.52,4.526,297
1793,D001_1,14,C020579,207.6,2,113
1794,D001_1,22,C004787,378.93,2.481,199
1795,D001_1,26,C016229,534.66,3.215,242
1796,D001_1,15,C022758,307.87,2.016,157
1797,D001_1,19,C009383,426.64,2.906,194
1798,D001_1,30,C035772,577.98,3.873,253
1799,D001_1,3,C025536,67.8,0.318,27
1800,D001_1,12,C042066,66.78,2.326,95
1801,D001_1,30,C018490,204.59,5.595,298
1802,D001_1,31,C008551,185.49,5.499,290
1803,D001_1,19,C048137,382.13,1.306,180
1804,D001_1,21,C022799,395.44,1.148,195
1805,D001_1,30,C011252,566.13,2.01,321
1806,D001_1,31,C021292,603.6,2.089,277
1807,D001_1,49,C016961,477.29,7.532,444
1808,D001_1,16,C003518,118.28,2.537,163
1809,D001_1,13,C042805,93.87,2.317,142
1810,D001_1,28,C017777,335.49,3.641,261
1811,D001_1,35,C045388,383.21,4.07,329
1812,D001_1,29,C041345,296.47,3.17,287
1813,D001_1,23,C030248,469.65,1.925,188
1814,D001_1,27,C032122,510.59,2.531,217
1815,D001_1,36,C025017,631.91,2.827,384
1816,D001_1,41,C034637,538.19,3.106,411
1817,D001_1,35,C003558,416.46,3.108,270
1818,D001_1,36,C047591,545.38,4.401,352
1819,D001_1,38,C042773,459.74,1.997,327
1820,D001_1,25,C034514,273.58,1.35,219
1821,D001_1,35,C022125,285.65,3.872,294
1822,D001_1,37,C023179,377.92,5.171,342
1823,D001_1,31,C032989,336.31,4.058,256
1824,D001_1,41,C036065,511.08,5.289,371
1825,D001_1,34,C015490,606.68,5.905,302
1826,D001_1,21,C017371,352.86,3.827,181
1827,D001_1,22,C037490,409.07,3.942,181
1828,D001_1,23,C009813,444.79,4.234,245
1829,D001_1,20,C001487,350.16,3.464,188
1830,D001_1,26,C046301,458.81,1.654,226
1831,D001_1,17,C020300,324.85,1.067,111
1832,D001_1,12,C036830,203.65,0.614,128
1833,D001_1,27,C049571,460.39,1.706,240
1834,D001_1,21,C031273,412.9,1.075,205
1835,D001_1,48,C017697,445.51,6.759,464
1836,D001_1,59,C042791,456.37,8.759,521
1837,D001_1,13,C010766,227.87,2.467,93
1838,D001_1,28,C029051,534.27,5.713,237
1839,D001_1,19,C046778,349.47,3.522,167
1840,D001_1,38,C032659,660.29,6.858,373
1841,D001_1,39,C040433,478.79,7.221,342
1842,D001_1,31,C028911,507.17,5.826,293
1843,D001_1,16,C028270,235.31,2.988,125
1844,D001_1,11,C039598,133.67,2.329,92
1845,D001_1,42,C013163,582.29,7.796,448
1846,D001_5,93,C032990,837.83,6.991,854
1847,D001_5,47,C004253,832.15,5.213,443
1848,D001_5,58,C033849,587.91,4.611,490
1849,D001_5,59,C025070,826.29,7.937,590
1850,D001_5,45,C046832,551.78,6.327,376
1851,D001_5,79,C044739,842.14,7.887,699
1852,D001_5,58,C027651,1089.36,3.601,489
1853,D001_5,68,C046094,1165.59,7.397,592
1854,D001_5,62,C013914,363.96,10.931,586
1855,D001_5,33,C002642,253.64,5.438,275
1856,D001_5,42,C036471,340.4,7.607,387
1857,D001_5,29,C043555,126.64,5.6,280
1858,D001_5,55,C033233,414.71,10.904,502
1859,D001_5,66,C023318,491.38,4.522,585
1860,D001_5,55,C029936,906.88,6.865,492
1861,D001_5,83,C021855,1335.15,10.431,724
1862,D001_5,9,C023112,167.3,1.052,88
1863,D001_5,89,C004362,523.15,5.813,813
1864,D001_5,57,C020028,714.21,7.652,509
1865,D001_5,47,C036029,541.36,5.847,469
1866,D001_5,54,C026489,712.83,7.235,516
1867,D001_5,76,C003693,957.71,9.944,657
1868,D001_5,54,C024368,409.56,7.888,498
1869,D001_5,56,C006339,297.05,6.084,518
1870,D001_5,21,C026377,97.48,4.194,190
1871,D001_5,53,C044221,321.39,9.829,501
1872,D001_5,20,C049567,127.23,3.625,144
1873,D001_5,45,C007299,649.69,9.038,343
1874,D001_5,33,C005621,417.84,6.874,292
1875,D001_5,26,C033755,475.25,1.521,273
1876,D001_5,56,C022902,952.13,3.43,529
1877,D001_5,64,C019245,849.5,8.273,533
1878,D001_5,60,C006909,1069.52,11.236,508
1879,D001_5,53,C045952,613.25,7.226,502
1880,D001_5,50,C030380,686.44,7.281,474
1881,D001_5,45,C049799,260.85,5.784,392
1882,D001_5,50,C014327,319.45,7.22,440
1883,D001_5,71,C024144,1304.54,11.454,694
1884,D001_5,68,C025577,781.67,8.478,600
1885,D001_5,51,C035354,898.94,9.715,408
1886,D001_5,29,C031176,503.65,5.385,230
1887,D001_5,64,C022249,445.87,3.571,616
1888,D001_5,36,C035491,476.14,6.175,319
1889,D001_5,47,C010990,706.53,7.396,409
1890,D001_5,18,C012206,391.38,2.783,183
1891,D001_5,62,C049109,1192.34,11.888,560
1892,D001_5,98,C012674,1315.04,11.931,931
1893,D001_5,57,C009074,712.22,5.754,510
1894,D001_5,36,C018722,679.53,6.892,313
1895,D001_5,45,C016377,848.48,9.102,435
1896,D001_5,75,C041333,1268.95,7.564,596
1897,D001_5,56,C016091,356.66,8.768,484
1898,D001_5,47,C044955,380.3,8.504,424
1899,D001_5,72,C040822,1267.23,5.211,641
1900,D001_5,26,C018144,523.97,2.726,199
1901,D001_5,47,C002425,963.09,4.591,448
1902,D001_5,106,C038444,1106.01,12.133,907
1903,D001_2,25,C038604,477.1,3.128,218
1904,D001_2,28,C032091,443.86,3.229,244
1905,D001_2,7,C016139,138.1,0.799,68
1906,D001_2,30,C008413,564.23,4.337,261
1907,D001_2,21,C039360,388.75,3.113,207
1908,D001_2,20,C024411,382.35,2.487,190
1909,D001_2,22,C010926,402.5,3.386,197
1910,D001_2,28,C037532,490.78,3.937,273
1911,D001_2,12,C005280,244.91,1.939,119
1912,D001_2,6,C008210,126.05,0.742,47
1913,D001_2,20,C023646,149.64,1.34,208
1914,D001_2,20,C003538,186.07,1.673,183
1915,D001_2,66,C043409,645.83,4.625,602
1916,D001_2,32,C033778,261.99,2.472,279
1917,D001_2,49,C006200,274.77,7.317,450
1918,D001_2,42,C007560,187.76,7.407,374
1919,D001_2,54,C016003,343.54,9.045,477
1920,D001_2,32,C049573,634.63,5.574,302
1921,D001_2,38,C023978,697.07,6.99,285
1922,D001_2,14,C009084,280.65,2.539,144
1923,D001_2,36,C004795,715.3,6.195,313
1924,D001_2,36,C006676,666.52,5.417,307
1925,D001_2,73,C026404,432.58,9.897,646
1926,D001_2,68,C034205,347.36,8.789,593
1927,D001_2,28,C025726,93.73,4.183,256
1928,D001_2,54,C031904,568.41,7.551,435
1929,D001_2,61,C013616,748.57,8.02,515
1930,D001_2,34,C014037,441.55,5.129,278
1931,D001_2,26,C011338,343.38,3.872,248
1932,D001_2,33,C009631,487.62,4.543,339
1933,D001_2,27,C044018,245.18,3.294,235
1934,D001_2,29,C012248,408.28,1.783,269
1935,D001_2,35,C029943,548.72,1.898,283
1936,D001_2,7,C047374,112.3,0.171,82
1937,D001_2,21,C023522,314.37,1.228,178
1938,D001_2,35,C027520,519.48,2.132,337
1939,D001_2,30,C014215,415.37,1.932,291
1940,D001_2,14,C023926,237.44,1.135,129
1941,D001_2,47,C025892,684.76,3.429,418
1942,D001_2,29,C036853,306.29,5.381,231
1943,D001_2,53,C042126,591.34,8.597,474
1944,D001_2,28,C047734,317.71,4.692,248
1945,D001_2,38,C024565,415.79,4.884,340
1946,D001_2,28,C020791,341.11,3.073,259
1947,D001_2,33,C038727,374.99,5.439,285
1948,D001_2,37,C025605,686.58,4.384,337
1949,D001_2,38,C013826,682.46,4.837,407
1950,D001_2,20,C009830,424.2,2.629,192
1951,D001_2,12,C036855,229.55,1.172,104
1952,D001_2,31,C033343,534.69,4.259,257
1953,D001_2,26,C036773,308.25,3.5,235
1954,D001_2,43,C004724,528.45,5.017,385
1955,D001_2,38,C004890,509.01,4.484,306
1956,D001_2,36,C010552,511.83,4.292,326
1957,D001_2,33,C032023,169.7,3.978,274
1958,D001_2,47,C012668,260.79,5.166,419
1959,D001_2,47,C011455,266.03,6.13,446
1960,D001_2,30,C007309,110.16,3.535,255
1961,D001_2,26,C005278,418.78,2.578,241
1962,D001_2,48,C021803,671.49,6.848,409
1963,D001_2,36,C004690,509.58,3.644,326
1964,D001_2,26,C045324,385.7,2.846,236
1965,D001_2,49,C005486,743.38,4.403,444
1966,D001_2,34,C012575,457.98,4.114,325
1967,D001_2,42,C021400,570.62,7.615,399
1968,D001_2,45,C040742,547.7,8.131,416
1969,D001_2,8,C046153,72.63,1.601,64
1970,D001_2,22,C023999,290.37,3.695,194
1971,D001_2,42,C019360,570.53,7.495,415
1972,D001_2,32,C045207,421.25,5.999,248
1973,D001_2,18,C045327,232.65,3.448,150
1974,D001_2,35,C030554,470.19,2.25,312
1975,D001_2,39,C031289,445.56,2.674,373
1976,D001_2,41,C033587,446.74,2.898,395
1977,D001_2,55,C049143,664.35,3.498,465
1978,D001_2,29,C019728,293.75,1.483,270
1979,D001_2,18,C015953,306.56,3.502,180
1980,D001_2,36,C000474,620.01,6.664,336
1981,D001_2,31,C030491,550.87,5.93,293
1982,D001_2,32,C046496,480.45,6.334,310
1983,D001_2,4,C044717,75.8,0.873,38
1984,D001_2,39,C027127,682.24,7.704,357
1985,D001_2,50,C044362,647.26,6.102,424
1986,D001_2,39,C043787,402.52,4.383,368
1987,D001_2,9,C045404,119.83,0.873,90
1988,D001_2,63,C044638,731.91,8.388,553
1989,D001_2,42,C028230,482.51,6.096,379
1990,D001_2,27,C034972,319.81,3.371,262
1991,D001_2,26,C025057,357.5,2.926,207
1992,D001_2,18,C026350,97.14,3.144,135
1993,D001_2,65,C022792,305.71,9.962,605
1994,D001_2,52,C037793,292.5,8.486,466
1995,D001_2,12,C034755,44.64,2.258,113
1996,D001_2,22,C003228,305.33,3.876,156
1997,D001_2,39,C010455,579.91,7.215,351
1998,D001_2,48,C002229,709.01,8.853,424
1999,D001_2,36,C013214,656.28,6.7,317
2000,D001_2,42,C032309,588.47,7.245,377
2001,D001_2,20,C036367,311.66,3.784,174
2002,D001_2,35,C037717,427.42,4.304,334
2003,D001_2,28,C037542,423.98,2.834,223
2004,D001_2,17,C029093,232.17,2.251,132
2005,D001_2,18,C000507,246.19,2.075,138
2006,D001_2,41,C026316,518.08,5.013,360
2007,D001_2,47,C005928,620.79,6.533,458
2008,D001_2,40,C017382,534,4.691,339
2009,D001_2,41,C044733,506.51,4.726,379
2010,D001_2,45,C039027,545.44,6.35,427
2011,D001_2,23,C030828,221.1,3.875,208
2012,D001_2,56,C005737,625.4,8.347,489
2013,D001_2,44,C036944,602.05,5.741,396
2014,D001_2,51,C010298,582.58,7.343,429
2015,D001_2,52,C037485,748.31,6.726,458
2016,D001_2,34,C000620,494.67,3.572,311
2017,D001_2,24,C019899,299.52,2.929,244
2018,D001_2,41,C028398,565.14,5.719,337
2019,D001_2,3,C006414,47.56,0.589,23
2020,D001_2,27,C002419,390.15,5.406,265
2021,D001_2,34,C026265,493.16,6.757,301
2022,D001_2,26,C020660,413.6,5.019,234
2023,D001_2,45,C014983,744.77,9.312,423
2024,D001_2,31,C034380,438.8,1.955,254
2025,D001_2,27,C020303,333.15,1.534,238
2026,D001_2,38,C027416,545.47,1.831,333
2027,D001_2,28,C026179,450.61,1.52,278
2028,D001_2,23,C041948,340.45,0.905,225
2029,D001_2,58,C042183,662,5.455,538
2030,D001_2,57,C027215,731.59,5.446,526
2031,D001_2,41,C005579,532.24,3.831,358
2032,D001_2,10,C021938,109.36,1.351,93
2033,D001_2,29,C007918,360.57,3.516,270
2034,D001_2,51,C042198,714.1,6.978,459
2035,D001_2,49,C002606,634.46,6.861,451
2036,D001_2,30,C010726,338.22,3.798,306
2037,D001_2,52,C020261,682.31,5.643,450
2038,D001_2,16,C021707,248.48,2.55,161
2039,D001_2,30,C039345,366.52,3.705,297
2040,D001_2,35,C041618,398.64,4.475,298
2041,D001_2,26,C048487,272.02,3.556,208
2042,D001_2,41,C016208,493.86,5.665,399
2043,D001_2,52,C000813,706.04,5.914,434
2044,D001_2,48,C046118,576.23,5.932,434
2045,D001_2,35,C016681,422.82,4.745,288
2046,D001_2,25,C012048,348.43,2.334,217
2047,D001_2,36,C048052,475.84,3.946,336
2048,D001_2,22,C027482,300.19,2.239,208
2049,D001_2,49,C030652,700.82,4.852,379
2050,D001_2,11,C044835,181.2,1.237,95
2051,D001_2,49,C005510,666.7,5.889,459
2052,D001_2,37,C039831,543.11,5.491,306
2053,D001_2,29,C046841,345.12,3.641,258
2054,D001_2,29,C024040,367.12,4.156,263
2055,D001_2,56,C023091,677.88,6.132,489
2056,D001_2,63,C008188,712.45,7.894,540
2057,D001_2,22,C047309,269.06,2.349,182
2058,D001_2,34,C009441,448.3,1.979,348
2059,D001_2,34,C007220,437.99,2.311,288
2060,D001_2,32,C046713,404.82,1.724,284
2061,D001_2,18,C030742,194.44,0.734,139
2062,D001_2,52,C026424,670.3,3.651,490
2063,D001_2,40,C044686,533.42,2.385,353
2064,D001_2,9,C011820,192.66,1.398,71
2065,D001_2,20,C024614,330.79,2.466,182
2066,D001_2,15,C023487,266.49,1.958,125
2067,D001_2,33,C008124,573.01,4.841,332
2068,D001_2,7,C041745,137.06,1.006,69
2069,D001_2,22,C040037,455.08,2.373,194
2070,D001_2,15,C032797,300.53,1.519,118
2071,D001_2,16,C004615,304.74,1.818,154
2072,D001_2,39,C012336,706.64,5.212,340
2073,D001_2,29,C013677,521.36,2.944,291
2074,D001_2,5,C015514,73.29,0.958,53
2075,D001_2,48,C048090,632,8.455,420
2076,D001_2,46,C000380,627.2,8.558,401
2077,D001_2,44,C024382,600.73,8.468,386
2078,D001_2,25,C003588,109.54,2.291,229
2079,D001_2,76,C024209,488.8,10.053,636
2080,D001_2,34,C022463,235.35,4.573,287
2081,D001_2,19,C018492,307.71,1.666,194
2082,D001_2,28,C006444,459.6,1.532,242
2083,D001_2,26,C026574,411.47,1.971,242
2084,D001_2,19,C011816,363.09,1.406,160
2085,D001_2,35,C014476,644.23,2.104,310
2086,D001_2,41,C024607,462.13,5.091,325
2087,D001_2,29,C029631,330.94,3.858,233
2088,D001_2,62,C013977,737.16,8.113,612
2089,D001_2,22,C026374,247.82,3.318,190
2090,D001_2,45,C028977,600.55,4.915,392
2091,D001_2,34,C012315,386.34,5.086,292
2092,D001_2,29,C035210,308.71,2.996,249
2093,D001_2,59,C016694,688.81,7.139,567
2094,D001_2,21,C027243,310.11,2.115,171
2095,D001_2,39,C035150,564.82,4.938,366
2096,D001_2,29,C003984,245.16,3.039,236
2097,D001_2,67,C012959,570.09,5.631,607
2098,D001_2,41,C008439,347,3.03,406
2099,D001_2,90,C044946,723.86,7.023,816
2100,D001_2,18,C026774,202.91,3.775,174
2101,D001_2,31,C016592,376.54,6.441,283
2102,D001_2,33,C029678,331.44,5.782,247
2103,D001_2,27,C024050,306.34,5.616,239
2104,D001_2,29,C003420,529,4.966,269
2105,D001_2,33,C029468,442.43,6.266,337
2106,D001_2,45,C015911,526.62,8.256,381
2107,D001_2,32,C001372,410.12,5.499,280
2108,D001_2,34,C000237,367.89,6.322,290
2109,D001_2,39,C003142,451.49,7.305,371
2110,D001_2,32,C023193,266.63,5.874,281
2111,D001_2,19,C035094,276.57,0.866,199
2112,D001_2,38,C047870,574.67,2.709,311
2113,D001_2,44,C042508,682.94,2.812,406
2114,D001_2,41,C033432,581.95,2.783,359
2115,D001_2,36,C031166,596.23,2.275,349
